package,URI,hasInferredLink
domain#000000,domain#000000,domain#Link-LogicalSegment-from-FromSubnet
package#5G,domain#CP-CcBrR+CSg,domain#Link-LogicalSegment-from-FromSubnet
package#5G,domain#CP-CcBrR+CSg,domain#Link-LogicalSegment-to-ToSubnet
package#5G,domain#CP-CcBrR+CSg,domain#Link-LogicalSegment-via-Gateway
package#5G,domain#CP-CNHS+AN,domain#Link-BaseStation-connectedTo-CoreNetwork
package#5G,domain#CP-CNHS+AN,domain#Link-BaseStation-hasPhysicalHost-BaseStation
package#5G,domain#CP-CNHS+AN,domain#Link-PhysicalHost-connectedTo-RAN
package#5G,domain#CP-CNHS+AN,domain#Link-RAN-accessibleFrom-Space
package#5G,domain#CP-CNHS+AN,domain#Link-RAN-implements-CellularNetwork
package#5G,domain#CP-CNHS+AN,domain#Link-RAN-providedBy-BaseStation
package#5G,domain#CP-CNR+CN,domain#Link-CoreNetwork-implements-CellularNetwork
package#5G,domain#CP-CNR+CN,domain#Link-CoreNetwork-providedBy-Gateway
package#5G,domain#CP-CN-R+R,domain#Link-CellularNetwork-providedBy-Router
package#5G,domain#CP-CN-R+R,domain#Link-Router-hasPhysicalHost-Router
package#5G,domain#CP-CrCcL3+NSg,domain#Link-LogicalSegment-from-FromSubnet
package#5G,domain#CP-CrCcL3+NSg,domain#Link-LogicalSegment-to-ToSubnet
package#5G,domain#CP-CrCcL3+NSg,domain#Link-LogicalSegment-via-Gateway
package#5G,domain#CP-FCNS+aF,domain#Link-CellularNetwork-accessibleFrom-Space
package#5G,domain#CP-L3cCrC+OSg,domain#Link-LogicalSegment-from-FromSubnet
package#5G,domain#CP-L3cCrC+OSg,domain#Link-LogicalSegment-to-ToSubnet
package#5G,domain#CP-L3cCrC+OSg,domain#Link-LogicalSegment-via-Gateway
package#5G,domain#CP-MPCNS+aF,domain#Link-PublicCellularNetwork-accessibleFrom-Space
package#5G,domain#CP-PcCN+c,domain#Link-Process-controls-RAN
package#5G,domain#CP-PCN+W,domain#Link-PublicCellularNetwork-accessibleFrom-World
package#5G,domain#CP-PCN+W,domain#Link-World-isWorld-World
package#5G,domain#CP-PCNRWI+ct,domain#Link-Gateway-connectedTo-Internet
package#5G,domain#CP-RrBcC+NSg,domain#Link-LogicalSegment-from-FromSubnet
package#5G,domain#CP-RrBcC+NSg,domain#Link-LogicalSegment-to-ToSubnet
package#5G,domain#CP-RrBcC+NSg,domain#Link-LogicalSegment-via-Gateway
package#Application,domain#CP-CP+hCLI,domain#Link-Process-hasCLI-Process
package#Application,domain#CP-HuaDirPaD-P+eUU,domain#Link-Process-enablesUserUpdate-Data
package#Application,domain#CP-HuiCHDtS-AC+AC,domain#Link-ConsoleHost-hosts-RemoteDesktop
package#Application,domain#CP-HuiCHDtS-AC+AC,domain#Link-Human-interactsWith-RemoteDesktop
package#Application,domain#CP-HuiCHDtS-AC+AC,domain#Link-RemoteDesktop-uses-DesktopService
package#Application,domain#CP-HuiDirIPpD-P+eUI,domain#Link-InteractiveProcess-enablesUserInput-Data
package#Application,domain#CP-HuiDirPpD-P+eUI,domain#Link-Process-enablesUserInput-Data
package#Application,domain#CP-HuirEaD+aD,domain#Link-Editor-enablesUserUpdate-Data
package#Application,domain#CP-HuirEaD+aD,domain#Link-Human-amendsData-Data
package#Application,domain#CP-HuirEc-rD+iD,domain#Link-Editor-enablesUserInput-Data
package#Application,domain#CP-HuirEc-rD+iD,domain#Link-Human-inputsData-Data
package#Application,domain#CP-HuirEp-iD+vD,domain#Link-Editor-enablesUserOutput-Data
package#Application,domain#CP-HuirEp-iD+vD,domain#Link-Human-viewsData-Data
package#Application,domain#CP-HuirEr-vD-cC-iHu-DS+iD,domain#Link-Human-inputsData-Data
package#Application,domain#CP-HuirEr-vD-cC-iHu-DS+iD,domain#Link-Process-enablesUserInput-Data
package#Application,domain#CP-HuirIPaD+aD,domain#Link-Human-amendsData-Data
package#Application,domain#CP-HuirIPaD+aD,domain#Link-InteractiveProcess-enablesUserUpdate-Data
package#Application,domain#CP-HuirIPp-iD+vD,domain#Link-Human-viewsData-Data
package#Application,domain#CP-HuirIPp-iD+vD,domain#Link-InteractiveProcess-enablesUserOutput-Data
package#Application,domain#CP-HuirPaD+eUI-O+vD,domain#Link-Human-viewsData-Data
package#Application,domain#CP-HuirPaD+eUI-O+vD,domain#Link-Process-enablesUserOutput-Data
package#Application,domain#CP-HuirPc-iD-rC-vHu-DS+vD,domain#Link-Human-viewsData-Data
package#Application,domain#CP-HuirPc-iD-rC-vHu-DS+vD,domain#Link-Process-enablesUserOutput-Data
package#Application,domain#CP-HuirPr-iD-cD+vD,domain#Link-Human-viewsData-Data
package#Application,domain#CP-HuirPr-iD-cD+vD,domain#Link-Process-enablesUserOutput-Data
package#Application,domain#CP-HuirPr-vD-cC-iHu-DS+iD,domain#Link-Human-inputsData-Data
package#Application,domain#CP-HuirPr-vD-cC-iHu-DS+iD,domain#Link-Process-enablesUserInput-Data
package#Application,domain#CP-HuRACuPD+pR,domain#Link-RemoteAccessClient-processesRemotely-Data
package#Application,domain#CP-HuRDRASPH+c,domain#Link-RemoteAccessClient-usesRemotely-RemoteAccessService
package#Application,domain#CP-HuRDRASPH+c,domain#Link-RemoteAccessService-uses-Process
package#Application,domain#CP-HuRDuPH-DtS+DtS,domain#Link-DesktopService-isLnS-DesktopService
package#Application,domain#CP-HuRDuPH-DtS+DtS,domain#Link-Host-hosts-DesktopService
package#Application,domain#CP-HuRDuPH-DtS+DtS,domain#Link-Human-interactsRemotelyWith-DesktopService
package#Application,domain#CP-HuRDuPH-DtS+DtS,domain#Link-RemoteDesktop-uses-DesktopService
package#Application,domain#CP-HuRTRASCPH+c,domain#Link-RemoteAccessClient-usesRemotely-RemoteAccessService
package#Application,domain#CP-HuRTRASCPH+c,domain#Link-RemoteAccessService-uses-Process
package#Application,domain#CP-HuRTuCPH-LnS+LnS,domain#Link-Host-hosts-LoginService
package#Application,domain#CP-HuRTuCPH-LnS+LnS,domain#Link-Human-interactsRemotelyWith-LoginService
package#Application,domain#CP-HuRTuCPH-LnS+LnS,domain#Link-LoginService-isLnS-LoginService
package#Application,domain#CP-HuRTuCPH-LnS+LnS,domain#Link-RemoteTerminal-uses-LoginService
package#Application,domain#CP-HuvDirPcD-P+eUO,domain#Link-Process-enablesUserOutput-Data
package#Application,domain#CP-HuvDirPrD-P+eUO,domain#Link-Process-enablesUserOutput-Data
package#Application,domain#CP-HuWES+e,domain#Link-Human-hasEmail-Human
package#Application,domain#CP-RAC+noDU,domain#Link-RemoteAccessClient-noDU-RemoteAccessClient
package#Application,domain#CP-RAS+noDU,domain#Link-RemoteAccessService-noDU-RemoteAccessService
package#Application,domain#CP-RDuDtS+uR,domain#Link-RemoteDesktop-usesRemotely-DesktopService
package#Application,domain#CP-RDuDtSuPH+uR,domain#Link-RemoteDesktop-usesRemotely-Process
package#Application,domain#CP-RDuP-LnS+uR,domain#Link-RemoteDesktop-usesRemotely-Process
package#Application,domain#CP-RDuRDuS-uR+uR,domain#Link-RemoteAccessClient-usesRemotely-Process
package#Application,domain#CP-RDuRTuS-uR+uR,domain#Link-RemoteAccessClient-usesRemotely-Process
package#Application,domain#CP-RTuCP+uR,domain#Link-RemoteTerminal-usesRemotely-Process
package#Application,domain#CP-RTuRASuCPH+uR,domain#Link-RemoteTerminal-usesRemotely-Process
package#CloudManagement,domain#CP-Ct+iC,domain#Link-Container-isContainer-Container
package#CloudManagement,domain#CP-CtHaH+a,domain#Link-Container-above-Host
package#CloudManagement,domain#CP-CtHhPH+hPH,domain#Link-Container-hasPhysicalHost-PhysicalHost
package#CloudManagement,domain#CP-DCCM-A+A,domain#Link-APIServer-isProxy-APIServer
package#CloudManagement,domain#CP-DCCM-A+A,domain#Link-CloudMaster-hosts-APIServer
package#CloudManagement,domain#CP-DCCMCAP+c,domain#Link-Process-controls-APIServer
package#CloudManagement,domain#CP-DCCMCAP+c,domain#Link-Process-controls-Ingress
package#CloudManagement,domain#CP-DCCM-P+P,domain#Link-CloudMaster-hosts-Ingress
package#CloudManagement,domain#CP-DCCM-P+P,domain#Link-Ingress-isProxy-Ingress
package#CloudManagement,domain#CP-DCCt-Pod+Pod,domain#Link-Container-above-Pod
package#CloudManagement,domain#CP-DCCt-Pod+Pod,domain#Link-Container-provisionedBy-Pod
package#CloudManagement,domain#CP-DCCt-Pod+Pod,domain#Link-Pod-isPod-Pod
package#CloudManagement,domain#CP-DCCt-Pod+Pod,domain#Link-Pod-managedBy-DataCentre
package#CloudManagement,domain#CP-DCMW-LS+VX,domain#Link-CloudMaster-connectedTo-VirtualSubnet
package#CloudManagement,domain#CP-DCMW-LS+VX,domain#Link-CloudWorker-connectedTo-VirtualSubnet
package#CloudManagement,domain#CP-DCMW-LS+VX,domain#Link-VirtualSubnet-providedBy-DataCentre
package#CloudManagement,domain#CP-DCPHM+p,domain#Link-CloudMaster-managedBy-DataCentre
package#CloudManagement,domain#CP-DCPHW+p,domain#Link-CloudWorker-managedBy-DataCentre
package#CloudManagement,domain#CP-DCPS-Pod+Pod,domain#Link-Pod-contains-Process
package#CloudManagement,domain#CP-DCPS-Pod+Pod,domain#Link-Pod-isPod-Pod
package#CloudManagement,domain#CP-DCPS-Pod+Pod,domain#Link-Pod-managedBy-DataCentre
package#CloudManagement,domain#CP-DCVHC+p,domain#Link-VirtualHost-hasPhysicalHost-Cluster
package#CloudManagement,domain#CP-DCVHC+p,domain#Link-VirtualHost-provisionedBy-Cluster
package#CloudManagement,domain#CP-Hum-iHRAS+i,domain#Link-HostManager-interactsRemotelyWith-RemoteAccessService
package#CloudManagement,domain#CP-Hum-iSH-LnS+LnS,domain#Link-Host-hosts-LoginService
package#CloudManagement,domain#CP-Hum-iSH-LnS+LnS,domain#Link-LoginService-controls-Host
package#CloudManagement,domain#CP-Hum-iSH-LnS+LnS,domain#Link-LoginService-isLnS-LoginService
package#CloudManagement,domain#CP-HumPC-Hu+m,domain#Link-ProcessManager-manages-Container
package#CloudManagement,domain#CP-KIP-S+c,domain#Link-Process-controls-Ingress
package#CloudManagement,domain#CP-KPxCaSI+aa,domain#Link-Client-usesForAuth-Ingress
package#CloudManagement,domain#CP-KPxCaSI+aa,domain#Link-Ingress-usesForAuth-Process
package#CloudManagement,domain#CP-KPxCLnSA+uu,domain#Link-APIServer-uses-Process
package#CloudManagement,domain#CP-KPxCLnSA+uu,domain#Link-Client-uses-APIServer
package#CloudManagement,domain#CP-KPxCuScP+aa,domain#Link-Client-usesForAuth-Ingress
package#CloudManagement,domain#CP-KPxCuScP+aa,domain#Link-Ingress-usesForAuth-Process
package#CloudManagement,domain#CP-KPxCuSI+uu,domain#Link-Client-uses-Ingress
package#CloudManagement,domain#CP-KPxCuSI+uu,domain#Link-Ingress-uses-Process
package#CloudManagement,domain#CP-KPxMLnSA+uu,domain#Link-APIServer-uses-Process
package#CloudManagement,domain#CP-KPxMLnSA+uu,domain#Link-Client-uses-APIServer
package#CloudManagement,domain#CP-KPxWLnSA+uu,domain#Link-APIServer-uses-Process
package#CloudManagement,domain#CP-KPxWLnSA+uu,domain#Link-Client-uses-APIServer
package#CloudManagement,domain#CP-KPyCLnSA+aa,domain#Link-APIServer-usesForAuth-Process
package#CloudManagement,domain#CP-KPyCLnSA+aa,domain#Link-Client-usesForAuth-APIServer
package#CloudManagement,domain#CP-KPyMLnSA+aa,domain#Link-APIServer-usesForAuth-Process
package#CloudManagement,domain#CP-KPyMLnSA+aa,domain#Link-Client-usesForAuth-APIServer
package#CloudManagement,domain#CP-KPyWLnSA+aa,domain#Link-APIServer-usesForAuth-Process
package#CloudManagement,domain#CP-KPyWLnSA+aa,domain#Link-Client-usesForAuth-APIServer
package#CloudManagement,domain#CP-MWHLS+CIP,domain#Link-CloudMaster-connectedTo-ClusterIP
package#CloudManagement,domain#CP-MWHLS+CIP,domain#Link-ClusterIP-overlays-LogicalSubnet
package#CloudManagement,domain#CP-MWPodLS2+c,domain#Link-Pod-connectedTo-ClusterIP
package#CloudManagement,domain#CP-Pc-hSHLnS+c,domain#Link-Process-controls-RemoteAccessService
package#CloudManagement,domain#CP-PodCnD+s,domain#Link-Pod-stores-Data
package#CloudManagement,domain#CP-PodCnP+c,domain#Link-Pod-contains-Process
package#CloudManagement,domain#CP-PodCnPD+s,domain#Link-Container-stores-Data
package#CloudManagement,domain#CP-PodDCC-M+M,domain#Link-CloudMaster-above-Cluster
package#CloudManagement,domain#CP-PodDCC-M+M,domain#Link-CloudMaster-hasPhysicalHost-Cluster
package#CloudManagement,domain#CP-PodDCC-M+M,domain#Link-CloudMaster-managedBy-DataCentre
package#CloudManagement,domain#CP-PodDCC-M+M,domain#Link-CloudMaster-provisionedBy-Cluster
package#CloudManagement,domain#CP-PodDCMC-W-H+W,domain#Link-CloudWorker-above-Cluster
package#CloudManagement,domain#CP-PodDCMC-W-H+W,domain#Link-CloudWorker-hasPhysicalHost-Cluster
package#CloudManagement,domain#CP-PodDCMC-W-H+W,domain#Link-CloudWorker-isCluster-CloudWorker
package#CloudManagement,domain#CP-PodDCMC-W-H+W,domain#Link-CloudWorker-isScalable-CloudWorker
package#CloudManagement,domain#CP-PodDCMC-W-H+W,domain#Link-CloudWorker-managedBy-DataCentre
package#CloudManagement,domain#CP-PodDCMC-W-H+W,domain#Link-CloudWorker-provisionedBy-Cluster
package#CloudManagement,domain#CP-PodDCMC-W-H+W,domain#Link-Pod-above-CloudWorker
package#CloudManagement,domain#CP-PodDCMC-W-H+W,domain#Link-Pod-provisionedBy-CloudWorker
package#CloudManagement,domain#CP-PodHaH+a,domain#Link-Pod-above-Host
package#CloudManagement,domain#CP-PodHhPH+hPH,domain#Link-Pod-hasPhysicalHost-PhysicalHost
package#CloudManagement,domain#CP-PodMP+iP,domain#Link-Pod-isPod-Pod
package#CloudManagement,domain#CP-PodP-Cn+Cn,domain#Link-Container-above-Pod
package#CloudManagement,domain#CP-PodP-Cn+Cn,domain#Link-Container-hosts-Process
package#CloudManagement,domain#CP-PodP-Cn+Cn,domain#Link-Container-isContainer-Container
package#CloudManagement,domain#CP-PodP-Cn+Cn,domain#Link-Container-provisionedBy-Pod
package#CloudManagement,domain#CP-VH-LnS+LnS,domain#Link-LoginService-controls-VirtualHost
package#CloudManagement,domain#CP-VH-LnS+LnS,domain#Link-LoginService-isLnS-LoginService
package#CloudManagement,domain#CP-VH-LnS+LnS,domain#Link-VirtualHost-hosts-LoginService
package#DataLifecycleInference,domain#CP-AC+noDX,domain#Link-AuthClient-noDX-AuthClient
package#DataLifecycleInference,domain#CP-AS+noDX,domain#Link-AuthService-noDX-AuthService
package#DataLifecycleInference,domain#CP-DADS+W,domain#Link-DataAccess-canWrite-DataCopy
package#DataLifecycleInference,domain#CP-DADSDCSDD-f+ch,domain#Link-DataDestination-fromSource-AccessFrom
package#DataLifecycleInference,domain#CP-DADSDCSDD-f+ch,domain#Link-DataRelay-fulfils-DataDestination
package#DataLifecycleInference,domain#CP-DADSDCSDD-f+ch,domain#Link-DataRelay-fwdPath-NewDataChannel
package#DataLifecycleInference,domain#CP-DADSDCSDD-f+ch,domain#Link-NewDataChannel-dataChannelEnd-DataDestination
package#DataLifecycleInference,domain#CP-DADSDCSDD-f+ch,domain#Link-NewDataChannel-dataChannelFrom-Process
package#DataLifecycleInference,domain#CP-DADSDCSDD-f+ch,domain#Link-NewDataChannel-dataChannelTo-Service
package#DataLifecycleInference,domain#CP-DADU-eS+eA,domain#Link-Service-enablesAccess-DataUse
package#DataLifecycleInference,domain#CP-DC1+x,domain#Link-DataChannel-extendsDC-DataChannel
package#DataLifecycleInference,domain#CP-DC2TDRfDP2+xf,domain#Link-DataAccess-fwdRelay-DataAccess
package#DataLifecycleInference,domain#CP-DC2TDRfDP2+xf,domain#Link-OldDataChannel-extendsFwdFlow-NewDataChannel
package#DataLifecycleInference,domain#CP-DC2TDRrDP2+xr,domain#Link-DataAccess-revRelay-DataAccess
package#DataLifecycleInference,domain#CP-DC2TDRrDP2+xr,domain#Link-OldDataChannel-extendsRevFlow-NewDataChannel
package#DataLifecycleInference,domain#CP-DC2xfDA2+f,domain#Link-DataSource-fulfils-DataDestination
package#DataLifecycleInference,domain#CP-DC2xrDA2+f,domain#Link-DataSource-fulfils-DataDestination
package#DataLifecycleInference,domain#CP-DC3-x+x,domain#Link-NewDataChannel-extendsDC-OldDataChannel
package#DataLifecycleInference,domain#CP-DC3xf-xf+xf,domain#Link-OldDataChannel-extendsFwdFlow-NewDataChannel
package#DataLifecycleInference,domain#CP-DC3xr-xr+xr,domain#Link-OldDataChannel-extendsRevFlow-NewDataChannel
package#DataLifecycleInference,domain#CP-DDDCDP2oDS+DC,domain#Link-NewDataChannel-dataChannelFor-DataAccess
package#DataLifecycleInference,domain#CP-DDDCDP2oDS+DC,domain#Link-NewDataChannel-fromProc-Process
package#DataLifecycleInference,domain#CP-DDDCDP2oDS+DC,domain#Link-NewDataChannel-toProc-Service
package#DataLifecycleInference,domain#CP-DDDCDP2oDS+DC,domain#Link-NewDataChannel-usesDataPath-NewDataPath
package#DataLifecycleInference,domain#CP-DDDCDP2oDS+DC,domain#Link-OldDataChannel-channelTried-OldDataChannel
package#DataLifecycleInference,domain#CP-DDDCDP2oDS+DC,domain#Link-OldDataChannel-extendsDC-NewDataChannel
package#DataLifecycleInference,domain#CP-DDDCDP2oDS+DC,domain#Link-Service-relaysAccess-DataAccess
package#DataLifecycleInference,domain#CP-DDDCDS2P+DF,domain#Link-AccessFrom-fulfils-DataFlow
package#DataLifecycleInference,domain#CP-DDDCDS2P+DF,domain#Link-DataFlow-flowsFromDP-NewDataPath
package#DataLifecycleInference,domain#CP-DDDCDS2P+DF,domain#Link-DataFlow-flowsFrom-FlowsFrom
package#DataLifecycleInference,domain#CP-DDDCDS2P+DF,domain#Link-DataFlow-flowsIn-Data
package#DataLifecycleInference,domain#CP-DDDCDS2P+DF,domain#Link-DataFlow-flowsToDP-OldDataPath
package#DataLifecycleInference,domain#CP-DDDCDS2P+DF,domain#Link-DataFlow-flowsTo-FlowsTo
package#DataLifecycleInference,domain#CP-DDDCDS2P+DF,domain#Link-DataFlow-fulfils-AccessTo
package#DataLifecycleInference,domain#CP-DDDPS-DC+DC,domain#Link-DataChannel-dataChannelFor-DataAccess
package#DataLifecycleInference,domain#CP-DDDPS-DC+DC,domain#Link-DataChannel-fromProc-Process
package#DataLifecycleInference,domain#CP-DDDPS-DC+DC,domain#Link-DataChannel-toProc-Service
package#DataLifecycleInference,domain#CP-DDDPS-DC+DC,domain#Link-DataChannel-usesDataPath-DataPath
package#DataLifecycleInference,domain#CP-DDDPS-DC+DC,domain#Link-Service-relaysAccess-DataAccess
package#DataLifecycleInference,domain#CP-DD-fDCSDS+ch,domain#Link-DataDestination-possDataSource-DataSource
package#DataLifecycleInference,domain#CP-DFFPACS+fFI,domain#Link-DataFlow-flowsFromIn-ProcAccess
package#DataLifecycleInference,domain#CP-DFFPACS+fFI,domain#Link-DataFlow-flowsFromIn-Space
package#DataLifecycleInference,domain#CP-DFTPACS+fTI,domain#Link-DataFlow-flowsToIn-ProcAccess
package#DataLifecycleInference,domain#CP-DFTPACS+fTI,domain#Link-DataFlow-flowsToIn-Space
package#DataLifecycleInference,domain#CP-DI-fDCSDS+ch,domain#Link-DataInput-possDataSource-DataInput
package#DataLifecycleInference,domain#CP-DI-fDCSDS+ch,domain#Link-DataInput-possDataSource-DataSource
package#DataLifecycleInference,domain#CP-DO-fDCSDD+ch,domain#Link-DataChannel-dataChannelEnd-DataDestination
package#DataLifecycleInference,domain#CP-DO-fDCSDD+ch,domain#Link-DataChannel-dataChannelFrom-Client
package#DataLifecycleInference,domain#CP-DO-fDCSDD+ch,domain#Link-DataChannel-dataChannelTo-Service
package#DataLifecycleInference,domain#CP-DO-fDCSDD+ch,domain#Link-DataDestination-fromSource-DataOutput
package#DataLifecycleInference,domain#CP-DO-fDCSDD+ch,domain#Link-DataOutput-fromSource-DataOutput
package#DataLifecycleInference,domain#CP-DO-fDCSDD+ch,domain#Link-DataOutput-fulfils-DataDestination
package#DataLifecycleInference,domain#CP-DO-fDCSDD+ch,domain#Link-DataOutput-fwdPath-DataChannel
package#DataLifecycleInference,domain#CP-DP1+x,domain#Link-DataPath-extendsDP-DataPath
package#DataLifecycleInference,domain#CP-DP3-x+x,domain#Link-NewDataPath-extendsDP-OldDataPath
package#DataLifecycleInference,domain#CP-DSDA+R,domain#Link-DataAccess-canRead-DataCopy
package#DataLifecycleInference,domain#CP-DSDAfDD-fS+fS,domain#Link-DataChannel-dataChannelEnd-DataSource
package#DataLifecycleInference,domain#CP-DSDAfDD-fS+fS,domain#Link-DataChannel-dataChannelFrom-Client
package#DataLifecycleInference,domain#CP-DSDAfDD-fS+fS,domain#Link-DataChannel-dataChannelTo-Service
package#DataLifecycleInference,domain#CP-DSDAfDD-fS+fS,domain#Link-DataRelay-fromSource-AccessFrom
package#DataLifecycleInference,domain#CP-DSDAfDD-fS+fS,domain#Link-DataRelay-revPath-DataChannel
package#DataLifecycleInference,domain#CP-DSDAfDD-fS+fS,domain#Link-DataSource-fulfils-DataRelay
package#DataLifecycleInference,domain#CP-DSDCDD2P+DF,domain#Link-AccessFrom-fulfils-DataFlow
package#DataLifecycleInference,domain#CP-DSDCDD2P+DF,domain#Link-DataFlow-flowsFromDP-OldDataPath
package#DataLifecycleInference,domain#CP-DSDCDD2P+DF,domain#Link-DataFlow-flowsFrom-FlowsFrom
package#DataLifecycleInference,domain#CP-DSDCDD2P+DF,domain#Link-DataFlow-flowsOut-Data
package#DataLifecycleInference,domain#CP-DSDCDD2P+DF,domain#Link-DataFlow-flowsToDP-NewDataPath
package#DataLifecycleInference,domain#CP-DSDCDD2P+DF,domain#Link-DataFlow-flowsTo-FlowsTo
package#DataLifecycleInference,domain#CP-DSDCDD2P+DF,domain#Link-DataFlow-fulfils-AccessTo
package#DataLifecycleInference,domain#CP-DSDCDP2oDD+DC,domain#Link-NewDataChannel-dataChannelFor-DataAccess
package#DataLifecycleInference,domain#CP-DSDCDP2oDD+DC,domain#Link-NewDataChannel-fromProc-Process
package#DataLifecycleInference,domain#CP-DSDCDP2oDD+DC,domain#Link-NewDataChannel-toProc-Service
package#DataLifecycleInference,domain#CP-DSDCDP2oDD+DC,domain#Link-NewDataChannel-usesDataPath-NewDataPath
package#DataLifecycleInference,domain#CP-DSDCDP2oDD+DC,domain#Link-OldDataChannel-channelTried-OldDataChannel
package#DataLifecycleInference,domain#CP-DSDCDP2oDD+DC,domain#Link-OldDataChannel-extendsDC-NewDataChannel
package#DataLifecycleInference,domain#CP-DSDCDP2oDD+DC,domain#Link-Service-relaysAccess-DataAccess
package#DataLifecycleInference,domain#CP-DSDPS+DC,domain#Link-DataChannel-dataChannelFor-DataAccess
package#DataLifecycleInference,domain#CP-DSDPS+DC,domain#Link-DataChannel-fromProc-Process
package#DataLifecycleInference,domain#CP-DSDPS+DC,domain#Link-DataChannel-toProc-Service
package#DataLifecycleInference,domain#CP-DSDPS+DC,domain#Link-DataChannel-usesDataPath-DataPath
package#DataLifecycleInference,domain#CP-DSDPS+DC,domain#Link-Service-relaysAccess-DataAccess
package#DataLifecycleInference,domain#CP-DUDA-eS+eA,domain#Link-Service-enablesAccess-DataUse
package#DataLifecycleInference,domain#CP-DUDSDCSDD+ch,domain#Link-DataDestination-fulfils-DataSource
package#DataLifecycleInference,domain#CP-DUDSDCSDD+ch,domain#Link-DataSource-revPath-DataChannel
package#DataLifecycleInference,domain#CP-FwdDFf2DP2P+DS,domain#Link-DataFlow-flowsVia-DataStep
package#DataLifecycleInference,domain#CP-FwdDFf2DP2P+DS,domain#Link-DataStep-flowsFrom-FlowsFrom
package#DataLifecycleInference,domain#CP-FwdDFf2DP2P+DS,domain#Link-DataStep-flowsOut-Data
package#DataLifecycleInference,domain#CP-FwdDFf2DP2P+DS,domain#Link-DataStep-flowsTo-FlowsTo
package#DataLifecycleInference,domain#CP-FwdDFfDP2P+DS,domain#Link-DataFlow-flowsVia-DataStep
package#DataLifecycleInference,domain#CP-FwdDFfDP2P+DS,domain#Link-DataStep-flowsFrom-FlowsFrom
package#DataLifecycleInference,domain#CP-FwdDFfDP2P+DS,domain#Link-DataStep-flowsOut-Data
package#DataLifecycleInference,domain#CP-FwdDFfDP2P+DS,domain#Link-DataStep-flowsTo-FlowsTo
package#DataLifecycleInference,domain#CP-FwdDFtDP2P+DS,domain#Link-DataFlow-flowsVia-DataStep
package#DataLifecycleInference,domain#CP-FwdDFtDP2P+DS,domain#Link-DataStep-flowsFrom-FlowsFrom
package#DataLifecycleInference,domain#CP-FwdDFtDP2P+DS,domain#Link-DataStep-flowsOut-Data
package#DataLifecycleInference,domain#CP-FwdDFtDP2P+DS,domain#Link-DataStep-flowsTo-FlowsTo
package#DataLifecycleInference,domain#CP-HD-aHD-DS+DS,domain#Link-DataCopy-copyOf-Data
package#DataLifecycleInference,domain#CP-HD-aHD-DS+DS,domain#Link-Host-storesCopy-DataCopy
package#DataLifecycleInference,domain#CP-HHuWE+D,domain#Link-DataFlow-flows-Data
package#DataLifecycleInference,domain#CP-HHuWE+D,domain#Link-DataFlow-flowsFrom-MUA
package#DataLifecycleInference,domain#CP-HHuWE+D,domain#Link-DataFlow-flowsTo-WebBrowser
package#DataLifecycleInference,domain#CP-HHuWE+D,domain#Link-Data-isSpam-Data
package#DataLifecycleInference,domain#CP-HHuWE+D,domain#Link-Human-viewsData-Data
package#DataLifecycleInference,domain#CP-HHuWE+D,domain#Link-MUA-enablesUserOutput-Data
package#DataLifecycleInference,domain#CP-HHuWSMS+D,domain#Link-DataFlow-flows-Data
package#DataLifecycleInference,domain#CP-HHuWSMS+D,domain#Link-DataFlow-flowsFrom-MUA
package#DataLifecycleInference,domain#CP-HHuWSMS+D,domain#Link-DataFlow-flowsTo-WebBrowser
package#DataLifecycleInference,domain#CP-HHuWSMS+D,domain#Link-Data-isSpam-Data
package#DataLifecycleInference,domain#CP-HHuWSMS+D,domain#Link-Human-viewsData-Data
package#DataLifecycleInference,domain#CP-HHuWSMS+D,domain#Link-MUA-enablesUserOutput-Data
package#DataLifecycleInference,domain#CP-HPDADS2dDO+crudu,domain#Link-Process-crudu-DataCopy
package#DataLifecycleInference,domain#CP-HPDADS-crudu+crudc,domain#Link-Process-crudc-DataCopy
package#DataLifecycleInference,domain#CP-HPDADSDU+crudu,domain#Link-Process-crudu-DataCopy
package#DataLifecycleInference,domain#CP-HPDFDI-fDS-DP+f,domain#Link-DataAccess-fulfils-DataCopy
package#DataLifecycleInference,domain#CP-HPDO-fDS-DA+f,domain#Link-DataAccess-fulfils-DataCopy
package#DataLifecycleInference,domain#CP-HPDO-fDS-DA+f,domain#Link-Process-enablesAccess-DataAccess
package#DataLifecycleInference,domain#CP-HPDSDA-crudr+crudr,domain#Link-Process-crudr-DataCopy
package#DataLifecycleInference,domain#CP-HPDS-fDI-DO-DFI+f,domain#Link-DataCopy-fulfils-DataAccess
package#DataLifecycleInference,domain#CP-HPDXfr-cAC+DS,domain#Link-DataCopy-copyOf-Data
package#DataLifecycleInference,domain#CP-HPDXfr-cAC+DS,domain#Link-DataCopy-fulfils-DataFlow
package#DataLifecycleInference,domain#CP-HPDXfr-cAC+DS,domain#Link-DataFlow-fulfils-DataCopy
package#DataLifecycleInference,domain#CP-HPDXfr-cAC+DS,domain#Link-Host-storesCopy-DataCopy
package#DataLifecycleInference,domain#CP-HPDXfr-cAC+DS,domain#Link-Host-stores-Data
package#DataLifecycleInference,domain#CP-HPDXtr-cAC+DS,domain#Link-DataCopy-copyOf-Data
package#DataLifecycleInference,domain#CP-HPDXtr-cAC+DS,domain#Link-DataCopy-fulfils-DataFlow
package#DataLifecycleInference,domain#CP-HPDXtr-cAC+DS,domain#Link-DataFlow-fulfils-DataCopy
package#DataLifecycleInference,domain#CP-HPDXtr-cAC+DS,domain#Link-Host-storesCopy-DataCopy
package#DataLifecycleInference,domain#CP-HPDXtr-cAC+DS,domain#Link-Host-stores-Data
package#DataLifecycleInference,domain#CP-HPeD+crudu,domain#Link-Process-crudu-DataCopy
package#DataLifecycleInference,domain#CP-HPrD-DS-DA+DR,domain#Link-DataRelay-usedBy-Process
package#DataLifecycleInference,domain#CP-HPrD-DS-DA+DR,domain#Link-DataRelay-usedFor-Data
package#DataLifecycleInference,domain#CP-HPsD-DS+DR,domain#Link-DataRelay-usedBy-Process
package#DataLifecycleInference,domain#CP-HPsD-DS+DR,domain#Link-DataRelay-usedFor-Data
package#DataLifecycleInference,domain#CP-HPsDPDFDS+f,domain#Link-DataPool-fulfils-DataCopy
package#DataLifecycleInference,domain#CP-HPsDPDSDF+f,domain#Link-DataCopy-fulfils-DataPool
package#DataLifecycleInference,domain#CP-HSDADPPDXP-Hu-DP+DP,domain#Link-NewDataPath-dataPathFor-Data
package#DataLifecycleInference,domain#CP-HSDADPPDXP-Hu-DP+DP,domain#Link-NewDataPath-dataPathTo-DataAccess
package#DataLifecycleInference,domain#CP-HSDADPPDXP-Hu-DP+DP,domain#Link-NewDataPath-dataPathVisits-FlowsFrom
package#DataLifecycleInference,domain#CP-HSDADPPDXP-Hu-DP+DP,domain#Link-NewDataPath-dataPathVisits-Process
package#DataLifecycleInference,domain#CP-HSDADPPDXP-Hu-DP+DP,domain#Link-NewDataPath-extendsDP-OldDataPath
package#DataLifecycleInference,domain#CP-HSDADPPDXP-Hu-DP+DP,domain#Link-NewDataPath-fromProc-Process
package#DataLifecycleInference,domain#CP-HSDADPPDXP-Hu-DP+DP,domain#Link-NewDataPath-toProc-DB
package#DataLifecycleInference,domain#CP-HuaDPH-DS-DA+DU,domain#Link-DataUpdate-usedBy-Process
package#DataLifecycleInference,domain#CP-HuaDPH-DS-DA+DU,domain#Link-DataUpdate-usedFor-Data
package#DataLifecycleInference,domain#CP-HuaDPH-DS-DP+UP,domain#Link-DataUpdate-atHost-Host
package#DataLifecycleInference,domain#CP-HuaDPH-DS-DP+UP,domain#Link-DataUpdate-usedBy-Process
package#DataLifecycleInference,domain#CP-HuaDPH-DS-DP+UP,domain#Link-DataUpdate-usedFor-Data
package#DataLifecycleInference,domain#CP-HuaDPH-DS-DP+UP,domain#Link-Process-enablesAccess-DataUpdate
package#DataLifecycleInference,domain#CP-HuaDRAC-DA+RUA,domain#Link-RemoteUserAccess-usedBy-RemoteAccessClient
package#DataLifecycleInference,domain#CP-HuaDRAC-DA+RUA,domain#Link-RemoteUserAccess-usedFor-Data
package#DataLifecycleInference,domain#CP-HuaDSPH+S-DA+DU,domain#Link-DataUpdate-usedBy-Process
package#DataLifecycleInference,domain#CP-HuaDSPH+S-DA+DU,domain#Link-DataUpdate-usedFor-Data
package#DataLifecycleInference,domain#CP-HuaDSPH-DP+UP,domain#Link-DataCopy-fulfils-DataUpdate
package#DataLifecycleInference,domain#CP-HuaDSPH-DP+UP,domain#Link-DataUpdate-atHost-Host
package#DataLifecycleInference,domain#CP-HuaDSPH-DP+UP,domain#Link-DataUpdate-fulfils-DataCopy
package#DataLifecycleInference,domain#CP-HuaDSPH-DP+UP,domain#Link-DataUpdate-usedBy-Process
package#DataLifecycleInference,domain#CP-HuaDSPH-DP+UP,domain#Link-DataUpdate-usedFor-Data
package#DataLifecycleInference,domain#CP-HuaDSPH-DP+UP,domain#Link-Process-enablesAccess-DataUpdate
package#DataLifecycleInference,domain#CP-HuaDSPH-S-DA+DU,domain#Link-DataCopy-fulfils-DataUpdate
package#DataLifecycleInference,domain#CP-HuaDSPH-S-DA+DU,domain#Link-DataUpdate-fulfils-DataCopy
package#DataLifecycleInference,domain#CP-HuaDSPH-S-DA+DU,domain#Link-DataUpdate-usedBy-Process
package#DataLifecycleInference,domain#CP-HuaDSPH-S-DA+DU,domain#Link-DataUpdate-usedFor-Data
package#DataLifecycleInference,domain#CP-Hui-vDPH-DS-DA+DO,domain#Link-DataOutput-usedBy-Process
package#DataLifecycleInference,domain#CP-Hui-vDPH-DS-DA+DO,domain#Link-DataOutput-usedFor-Data
package#DataLifecycleInference,domain#CP-Hui-vDPH-DS-DP+OP,domain#Link-DataOutput-atHost-Host
package#DataLifecycleInference,domain#CP-Hui-vDPH-DS-DP+OP,domain#Link-DataOutput-usedBy-Process
package#DataLifecycleInference,domain#CP-Hui-vDPH-DS-DP+OP,domain#Link-DataOutput-usedFor-Data
package#DataLifecycleInference,domain#CP-Hui-vDPH-DS-DP+OP,domain#Link-Process-enablesAccess-DataOutput
package#DataLifecycleInference,domain#CP-Hui-vDSPH+S-DA+DO,domain#Link-DataOutput-usedBy-Process
package#DataLifecycleInference,domain#CP-Hui-vDSPH+S-DA+DO,domain#Link-DataOutput-usedFor-Data
package#DataLifecycleInference,domain#CP-Hui-vDSPH-DP+OP,domain#Link-DataOutput-atHost-Host
package#DataLifecycleInference,domain#CP-Hui-vDSPH-DP+OP,domain#Link-DataOutput-fulfils-DataCopy
package#DataLifecycleInference,domain#CP-Hui-vDSPH-DP+OP,domain#Link-DataOutput-usedBy-Process
package#DataLifecycleInference,domain#CP-Hui-vDSPH-DP+OP,domain#Link-DataOutput-usedFor-Data
package#DataLifecycleInference,domain#CP-Hui-vDSPH-DP+OP,domain#Link-Process-enablesAccess-DataOutput
package#DataLifecycleInference,domain#CP-Hui-vDSPH-S-DA+DO,domain#Link-DataOutput-fulfils-DataCopy
package#DataLifecycleInference,domain#CP-Hui-vDSPH-S-DA+DO,domain#Link-DataOutput-usedBy-Process
package#DataLifecycleInference,domain#CP-Hui-vDSPH-S-DA+DO,domain#Link-DataOutput-usedFor-Data
package#DataLifecycleInference,domain#CP-HuWES+D,domain#Link-DataFlow-flows-Data
package#DataLifecycleInference,domain#CP-HuWES+D,domain#Link-DataFlow-flowsFrom-MUA
package#DataLifecycleInference,domain#CP-HuWES+D,domain#Link-DataFlow-flowsTo-WebBrowser
package#DataLifecycleInference,domain#CP-HuWES+D,domain#Link-Data-isSpam-Data
package#DataLifecycleInference,domain#CP-HuWES+D,domain#Link-Human-viewsData-Data
package#DataLifecycleInference,domain#CP-HuWES+D,domain#Link-WebBrowser-enablesUserOutput-Data
package#DataLifecycleInference,domain#CP-PaDH-DS-Hu-DA+DU,domain#Link-DataUpdate-usedBy-Process
package#DataLifecycleInference,domain#CP-PaDH-DS-Hu-DA+DU,domain#Link-DataUpdate-usedFor-Data
package#DataLifecycleInference,domain#CP-PaDH-DS-Hu-DP+UP,domain#Link-DataUpdate-atHost-Host
package#DataLifecycleInference,domain#CP-PaDH-DS-Hu-DP+UP,domain#Link-DataUpdate-usedBy-Process
package#DataLifecycleInference,domain#CP-PaDH-DS-Hu-DP+UP,domain#Link-DataUpdate-usedFor-Data
package#DataLifecycleInference,domain#CP-PaDH-DS-Hu-DP+UP,domain#Link-Process-enablesAccess-DataUpdate
package#DataLifecycleInference,domain#CP-PaDSH+S-Hu-DA+DU,domain#Link-DataUpdate-usedBy-Process
package#DataLifecycleInference,domain#CP-PaDSH+S-Hu-DA+DU,domain#Link-DataUpdate-usedFor-Data
package#DataLifecycleInference,domain#CP-PaDSH-Hu-DP+UP,domain#Link-DataCopy-fulfils-DataUpdate
package#DataLifecycleInference,domain#CP-PaDSH-Hu-DP+UP,domain#Link-DataUpdate-atHost-Host
package#DataLifecycleInference,domain#CP-PaDSH-Hu-DP+UP,domain#Link-DataUpdate-fulfils-DataCopy
package#DataLifecycleInference,domain#CP-PaDSH-Hu-DP+UP,domain#Link-DataUpdate-usedBy-Process
package#DataLifecycleInference,domain#CP-PaDSH-Hu-DP+UP,domain#Link-DataUpdate-usedFor-Data
package#DataLifecycleInference,domain#CP-PaDSH-Hu-DP+UP,domain#Link-Process-enablesAccess-DataUpdate
package#DataLifecycleInference,domain#CP-PaDSH-S-Hu-DA+DU,domain#Link-DataCopy-fulfils-DataUpdate
package#DataLifecycleInference,domain#CP-PaDSH-S-Hu-DA+DU,domain#Link-DataUpdate-fulfils-DataCopy
package#DataLifecycleInference,domain#CP-PaDSH-S-Hu-DA+DU,domain#Link-DataUpdate-usedBy-Process
package#DataLifecycleInference,domain#CP-PaDSH-S-Hu-DA+DU,domain#Link-DataUpdate-usedFor-Data
package#DataLifecycleInference,domain#CP-Pc-rDH-DS-Hu-DA+DO,domain#Link-DataOutput-usedBy-Process
package#DataLifecycleInference,domain#CP-Pc-rDH-DS-Hu-DA+DO,domain#Link-DataOutput-usedFor-Data
package#DataLifecycleInference,domain#CP-Pc-rDH-DS-Hu-DP+OP,domain#Link-DataOutput-atHost-Host
package#DataLifecycleInference,domain#CP-Pc-rDH-DS-Hu-DP+OP,domain#Link-DataOutput-usedBy-Process
package#DataLifecycleInference,domain#CP-Pc-rDH-DS-Hu-DP+OP,domain#Link-DataOutput-usedFor-Data
package#DataLifecycleInference,domain#CP-Pc-rDH-DS-Hu-DP+OP,domain#Link-Process-enablesAccess-DataOutput
package#DataLifecycleInference,domain#CP-Pc-rDSH+S-Hu-DA+DO,domain#Link-DataOutput-usedBy-Process
package#DataLifecycleInference,domain#CP-Pc-rDSH+S-Hu-DA+DO,domain#Link-DataOutput-usedFor-Data
package#DataLifecycleInference,domain#CP-Pc-rDSH-Hu-DP+OP,domain#Link-DataOutput-atHost-Host
package#DataLifecycleInference,domain#CP-Pc-rDSH-Hu-DP+OP,domain#Link-DataOutput-fulfils-DataCopy
package#DataLifecycleInference,domain#CP-Pc-rDSH-Hu-DP+OP,domain#Link-DataOutput-usedBy-Process
package#DataLifecycleInference,domain#CP-Pc-rDSH-Hu-DP+OP,domain#Link-DataOutput-usedFor-Data
package#DataLifecycleInference,domain#CP-Pc-rDSH-Hu-DP+OP,domain#Link-Process-enablesAccess-DataOutput
package#DataLifecycleInference,domain#CP-Pc-rDSH-S-Hu-DA+DO,domain#Link-DataOutput-fulfils-DataCopy
package#DataLifecycleInference,domain#CP-Pc-rDSH-S-Hu-DA+DO,domain#Link-DataOutput-usedBy-Process
package#DataLifecycleInference,domain#CP-Pc-rDSH-S-Hu-DA+DO,domain#Link-DataOutput-usedFor-Data
package#DataLifecycleInference,domain#CP-PDI+d,domain#Link-DataInput-isDest-Data
package#DataLifecycleInference,domain#CP-PDI-Hu+d,domain#Link-DataInput-isSource-Data
package#DataLifecycleInference,domain#CP-PDO+s,domain#Link-DataOutput-isSource-Data
package#DataLifecycleInference,domain#CP-PDO-DI+DP,domain#Link-NewDataPath-dataPathFor-Data
package#DataLifecycleInference,domain#CP-PDO-DI+DP,domain#Link-NewDataPath-dataPathTo-DataOutput
package#DataLifecycleInference,domain#CP-PDO-DI+DP,domain#Link-NewDataPath-dataPathVisits-Process
package#DataLifecycleInference,domain#CP-PDO-DI+DP,domain#Link-NewDataPath-fromProc-Process
package#DataLifecycleInference,domain#CP-PDOP+fS,domain#Link-DataOutput-fromSource-DataOutput
package#DataLifecycleInference,domain#CP-PDP+DP,domain#Link-NewDataPath-dataPathFor-Data
package#DataLifecycleInference,domain#CP-PDP+DP,domain#Link-NewDataPath-dataPathTo-DataPool
package#DataLifecycleInference,domain#CP-PDP+DP,domain#Link-NewDataPath-dataPathVisits-Process
package#DataLifecycleInference,domain#CP-PDP+DP,domain#Link-NewDataPath-fromProc-Process
package#DataLifecycleInference,domain#CP-PDP+ds,domain#Link-DataPool-isPool-Data
package#DataLifecycleInference,domain#CP-PDR+ds,domain#Link-DataRelay-isDest-Data
package#DataLifecycleInference,domain#CP-PDR+ds,domain#Link-DataRelay-isPool-Data
package#DataLifecycleInference,domain#CP-PDR+ds,domain#Link-DataRelay-isSource-Data
package#DataLifecycleInference,domain#CP-Pr-cDH-DS-Hu-DA+DI,domain#Link-DataInput-usedBy-Process
package#DataLifecycleInference,domain#CP-Pr-cDH-DS-Hu-DA+DI,domain#Link-DataInput-usedFor-Data
package#DataLifecycleInference,domain#CP-Pr-cDSH+S-Hu-DA+DI,domain#Link-DataInput-usedBy-Process
package#DataLifecycleInference,domain#CP-Pr-cDSH+S-Hu-DA+DI,domain#Link-DataInput-usedFor-Data
package#DataLifecycleInference,domain#CP-Pr-cDSH-Hu-DP+IP,domain#Link-DataCopy-fulfils-DataInput
package#DataLifecycleInference,domain#CP-Pr-cDSH-Hu-DP+IP,domain#Link-DataInput-atHost-Host
package#DataLifecycleInference,domain#CP-Pr-cDSH-Hu-DP+IP,domain#Link-DataInput-usedBy-Process
package#DataLifecycleInference,domain#CP-Pr-cDSH-Hu-DP+IP,domain#Link-DataInput-usedFor-Data
package#DataLifecycleInference,domain#CP-Pr-cDSH-Hu-DP+IP,domain#Link-Process-enablesAccess-DataInput
package#DataLifecycleInference,domain#CP-Pr-cDSH-S-Hu-DA+DI,domain#Link-DataCopy-fulfils-DataInput
package#DataLifecycleInference,domain#CP-Pr-cDSH-S-Hu-DA+DI,domain#Link-DataInput-usedBy-Process
package#DataLifecycleInference,domain#CP-Pr-cDSH-S-Hu-DA+DI,domain#Link-DataInput-usedFor-Data
package#DataLifecycleInference,domain#CP-PSDP+ds,domain#Link-DataPool-isDest-Data
package#DataLifecycleInference,domain#CP-PSDP+ds,domain#Link-DataPool-isSource-Data
package#DataLifecycleInference,domain#CP-PSDP-S+fS,domain#Link-DataPool-fromSource-DataPool
package#DataLifecycleInference,domain#CP-PsDSH-DP+DP,domain#Link-DataPool-atHost-Host
package#DataLifecycleInference,domain#CP-PsDSH-DP+DP,domain#Link-DataPool-usedBy-Process
package#DataLifecycleInference,domain#CP-PsDSH-DP+DP,domain#Link-DataPool-usedFor-Data
package#DataLifecycleInference,domain#CP-PsDSH-DP+DP,domain#Link-Process-enablesAccess-DataPool
package#DataLifecycleInference,domain#CP-PTDR+ds,domain#Link-DataRelay-isDest-Data
package#DataLifecycleInference,domain#CP-PTDR+ds,domain#Link-DataRelay-isPool-Data
package#DataLifecycleInference,domain#CP-PTDR+ds,domain#Link-DataRelay-isSource-Data
package#DataLifecycleInference,domain#CP-RA-fDCSDD+ch,domain#Link-DataChannel-dataChannelEnd-DataDestination
package#DataLifecycleInference,domain#CP-RA-fDCSDD+ch,domain#Link-DataChannel-dataChannelFrom-Client
package#DataLifecycleInference,domain#CP-RA-fDCSDD+ch,domain#Link-DataChannel-dataChannelTo-Service
package#DataLifecycleInference,domain#CP-RA-fDCSDD+ch,domain#Link-DataDestination-fromSource-RemoteUserAccess
package#DataLifecycleInference,domain#CP-RA-fDCSDD+ch,domain#Link-RemoteUserAccess-fromSource-RemoteUserAccess
package#DataLifecycleInference,domain#CP-RA-fDCSDD+ch,domain#Link-RemoteUserAccess-fulfils-DataDestination
package#DataLifecycleInference,domain#CP-RA-fDCSDD+ch,domain#Link-RemoteUserAccess-fwdPath-DataChannel
package#DataLifecycleInference,domain#CP-RA-fDCSDS+ch,domain#Link-RemoteUserAccess-possDataSource-DataSource
package#DataLifecycleInference,domain#CP-RA-fDCSDS+ch,domain#Link-RemoteUserAccess-possDataSource-RemoteUserAccess
package#DataLifecycleInference,domain#CP-RevDFf2DP2P+DS,domain#Link-DataFlow-flowsVia-DataStep
package#DataLifecycleInference,domain#CP-RevDFf2DP2P+DS,domain#Link-DataStep-flowsFrom-FlowsFrom
package#DataLifecycleInference,domain#CP-RevDFf2DP2P+DS,domain#Link-DataStep-flowsIn-Data
package#DataLifecycleInference,domain#CP-RevDFf2DP2P+DS,domain#Link-DataStep-flowsTo-FlowsTo
package#DataLifecycleInference,domain#CP-RevDFfDP2P+DS,domain#Link-DataFlow-flowsVia-DataStep
package#DataLifecycleInference,domain#CP-RevDFfDP2P+DS,domain#Link-DataStep-flowsFrom-FlowsFrom
package#DataLifecycleInference,domain#CP-RevDFfDP2P+DS,domain#Link-DataStep-flowsIn-Data
package#DataLifecycleInference,domain#CP-RevDFfDP2P+DS,domain#Link-DataStep-flowsTo-FlowsTo
package#DataLifecycleInference,domain#CP-RevDFtDP2P+DS,domain#Link-DataFlow-flowsVia-DataStep
package#DataLifecycleInference,domain#CP-RevDFtDP2P+DS,domain#Link-DataStep-flowsFrom-FlowsFrom
package#DataLifecycleInference,domain#CP-RevDFtDP2P+DS,domain#Link-DataStep-flowsIn-Data
package#DataLifecycleInference,domain#CP-RevDFtDP2P+DS,domain#Link-DataStep-flowsTo-FlowsTo
package#DataLifecycleInference,domain#CP-RUIDO+ds,domain#Link-DataOutput-isDest-Data
package#DataLifecycleInference,domain#CP-RUIDO+ds,domain#Link-RemoteUserAccess-isSource-Data
package#DataLifecycleInference,domain#CP-RUODI+ds,domain#Link-DataInput-isSource-Data
package#DataLifecycleInference,domain#CP-RUODI+ds,domain#Link-RemoteUserAccess-isDest-Data
package#DataLifecycleInference,domain#CP-S2dC2dDX+DS,domain#Link-DataCopy-copyOf-Input
package#DataLifecycleInference,domain#CP-S2dC2dDX+DS,domain#Link-DataCopy-fulfils-InFlow
package#DataLifecycleInference,domain#CP-S2dC2dDX+DS,domain#Link-Host-storesCopy-DataCopy
package#DataLifecycleInference,domain#CP-S2dC2dDX+DS,domain#Link-Host-stores-Input
package#DataLifecycleInference,domain#CP-S2dC2dDX+DS,domain#Link-InFlow-fulfils-DataCopy
package#DataLifecycleInference,domain#CP-SDADPPDXP-Hu-DP+DP,domain#Link-NewDataPath-dataPathFor-Data
package#DataLifecycleInference,domain#CP-SDADPPDXP-Hu-DP+DP,domain#Link-NewDataPath-dataPathTo-DataAccess
package#DataLifecycleInference,domain#CP-SDADPPDXP-Hu-DP+DP,domain#Link-NewDataPath-dataPathVisits-FlowsFrom
package#DataLifecycleInference,domain#CP-SDADPPDXP-Hu-DP+DP,domain#Link-NewDataPath-dataPathVisits-Process
package#DataLifecycleInference,domain#CP-SDADPPDXP-Hu-DP+DP,domain#Link-NewDataPath-extendsDP-OldDataPath
package#DataLifecycleInference,domain#CP-SDADPPDXP-Hu-DP+DP,domain#Link-NewDataPath-fromProc-Process
package#DataLifecycleInference,domain#CP-SDADPPDXP-Hu-DP+DP,domain#Link-NewDataPath-toProc-DB
package#DataLifecycleInference,domain#CP-SDADPPDXPRAC-DP+DP,domain#Link-NewDataPath-dataPathFor-Data
package#DataLifecycleInference,domain#CP-SDADPPDXPRAC-DP+DP,domain#Link-NewDataPath-dataPathTo-DataAccess
package#DataLifecycleInference,domain#CP-SDADPPDXPRAC-DP+DP,domain#Link-NewDataPath-dataPathVisits-FlowsFrom
package#DataLifecycleInference,domain#CP-SDADPPDXPRAC-DP+DP,domain#Link-NewDataPath-dataPathVisits-Process
package#DataLifecycleInference,domain#CP-SDADPPDXPRAC-DP+DP,domain#Link-NewDataPath-extendsDP-OldDataPath
package#DataLifecycleInference,domain#CP-SDADPPDXPRAC-DP+DP,domain#Link-NewDataPath-fromProc-Process
package#DataLifecycleInference,domain#CP-SDADPPDXPRAC-DP+DP,domain#Link-NewDataPath-toProc-DB
package#DataLifecycleInference,domain#CP-SDADPPDXRAC-DP+DP,domain#Link-NewDataPath-dataPathFor-Data
package#DataLifecycleInference,domain#CP-SDADPPDXRAC-DP+DP,domain#Link-NewDataPath-dataPathTo-DataAccess
package#DataLifecycleInference,domain#CP-SDADPPDXRAC-DP+DP,domain#Link-NewDataPath-dataPathVisits-FlowsFrom
package#DataLifecycleInference,domain#CP-SDADPPDXRAC-DP+DP,domain#Link-NewDataPath-dataPathVisits-RemoteAccessClient
package#DataLifecycleInference,domain#CP-SDADPPDXRAC-DP+DP,domain#Link-NewDataPath-extendsDP-OldDataPath
package#DataLifecycleInference,domain#CP-SDADPPDXRAC-DP+DP,domain#Link-NewDataPath-fromProc-RemoteAccessClient
package#DataLifecycleInference,domain#CP-SDADPPDXRAC-DP+DP,domain#Link-NewDataPath-toProc-DB
package#DataLifecycleInference,domain#CP-SDUDADS+W,domain#Link-DataUse-canWrite-DataCopy
package#DataLifecycleInference,domain#CP-SDUDSDA+R,domain#Link-DataUse-canRead-DataCopy
package#IoT,domain#CP-Co+cD,domain#Link-Controller-stores-Data
package#IoT,domain#CP-Co+cD,domain#Link-Data-controlsThing-Controller
package#IoT,domain#CP-DcTh+DS,domain#Link-SimpleProcess-serves-Data
package#IoT,domain#CP-DcTh+DS,domain#Link-Thing-hosts-SimpleProcess
package#IoT,domain#CP-HuiCo+UI,domain#Link-Controller-hosts-Process
package#IoT,domain#CP-HuiCo+UI,domain#Link-Human-interactsWith-Process
package#IoT,domain#CP-HuiCo+UI,domain#Link-Process-creates-Data
package#IoT,domain#CP-HuiSe+Rel,domain#Link-Human-amendsData-Input
package#IoT,domain#CP-HuiSe+Rel,domain#Link-Human-interactsWith-Process
package#IoT,domain#CP-HuiSe+Rel,domain#Link-Human-viewsData-Output
package#IoT,domain#CP-HuiSe+Rel,domain#Link-Process-creates-Input
package#IoT,domain#CP-HumThP-m+m,domain#Link-Human-manages-Process
package#IoT,domain#CP-Pa-uCo+Rel,domain#Link-Client-amends-Data
package#IoT,domain#CP-Pa-uCo+Rel,domain#Link-Client-uses-Process
package#IoT,domain#CP-PcSe+Rel,domain#Link-Client-amends-Data
package#IoT,domain#CP-PcSe+Rel,domain#Link-Client-uses-SimpleProcess
package#IoT,domain#CP-Pp-uSe+Rel,domain#Link-Client-receives-Data
package#IoT,domain#CP-Pp-uSe+Rel,domain#Link-Client-uses-SimpleProcess
package#IoT,domain#CP-PrSe+Rel,domain#Link-Client-receives-Data
package#IoT,domain#CP-PrSe+Rel,domain#Link-SimpleProcess-uses-Client
package#IoT,domain#CP-PuCo+Rel,domain#Link-Client-updates-Data
package#IoT,domain#CP-PuCo+Rel,domain#Link-Client-uses-Process
package#IoT,domain#CP-PuSe+Rel,domain#Link-Client-reads-Data
package#IoT,domain#CP-PuSe+Rel,domain#Link-Client-uses-SimpleProcess
package#IoT,domain#CP-Se+cD,domain#Link-Data-controlsThing-Sensor
package#IoT,domain#CP-Se+cD,domain#Link-Sensor-stores-Data
package#IoT,domain#CP-Se+sD,domain#Link-Sensor-senses-Data
package#IoT,domain#CP-SesD+SP,domain#Link-Sensor-hosts-SimpleProcess
package#IoT,domain#CP-SesD+SP,domain#Link-SimpleProcess-creates-Data
package#IoT,domain#CP-SHuTh-Hu+m,domain#Link-Human-manages-Thing
package#Legal,domain#CP-JuHP+s,domain#Link-Process-subjectTo-Jurisdiction
package#Legal,domain#CP-JuPHS+s,domain#Link-Host-subjectTo-Jurisdiction
package#Legal,domain#CP-JuSS+s,domain#Link-Space-subjectTo-Jurisdiction
package#Legal,domain#CP-StoPDA+o,domain#Link-Operator-responsibleFor-DataAccess
package#LocalDeviceConnectivity,domain#CP-BPcGcBP+OSg,domain#Link-LogicalSegment-from-FromSubnet
package#LocalDeviceConnectivity,domain#CP-BPcGcBP+OSg,domain#Link-LogicalSegment-to-ToSubnet
package#LocalDeviceConnectivity,domain#CP-BPcGcBP+OSg,domain#Link-LogicalSegment-via-Gateway
package#LocalDeviceConnectivity,domain#CP-HBTTHS-S+l,domain#Link-TrivialHost-locatedIn-Space
package#LocalDeviceConnectivity,domain#CP-HpBRH+B,domain#Link-BluetoothPair-accessibleFrom-Space
package#LocalDeviceConnectivity,domain#CP-HpBRH+B,domain#Link-BluetoothPair-providedBy-RemoteHost
package#LocalDeviceConnectivity,domain#CP-HpBRH+B,domain#Link-LocalHost-connectedTo-BluetoothPair
package#LocalDeviceConnectivity,domain#CP-HpURH+U,domain#Link-LocalHost-connectedTo-USBPair
package#LocalDeviceConnectivity,domain#CP-HpURH+U,domain#Link-USBPair-accessibleFrom-Space
package#LocalDeviceConnectivity,domain#CP-HpURH+U,domain#Link-USBPair-providedBy-RemoteHost
package#LocalDeviceConnectivity,domain#CP-HuiHBTTH-Hu+m,domain#Link-Human-manages-TrivialHost
package#LocalDeviceConnectivity,domain#CP-HuiHUSBTH-Hu+m,domain#Link-Human-manages-TrivialHost
package#LocalDeviceConnectivity,domain#CP-HumHBTTH-Hu+m,domain#Link-Human-manages-TrivialHost
package#LocalDeviceConnectivity,domain#CP-HumHUSBTH-Hu+m,domain#Link-Human-manages-TrivialHost
package#LocalDeviceConnectivity,domain#CP-HumTHS+cA,domain#Link-HostManager-canAccess-Space
package#LocalDeviceConnectivity,domain#CP-HUSBTHS-S+l,domain#Link-TrivialHost-locatedIn-Space
package#LocalDeviceConnectivity,domain#CP-L1c-rGcL3+NSg,domain#Link-LogicalSegment-from-FromSubnet
package#LocalDeviceConnectivity,domain#CP-L1c-rGcL3+NSg,domain#Link-LogicalSegment-to-ToSubnet
package#LocalDeviceConnectivity,domain#CP-L1c-rGcL3+NSg,domain#Link-LogicalSegment-via-Gateway
package#LocalDeviceConnectivity,domain#CP-L1rGcL3+OSg,domain#Link-LogicalSegment-from-FromSubnet
package#LocalDeviceConnectivity,domain#CP-L1rGcL3+OSg,domain#Link-LogicalSegment-to-ToSubnet
package#LocalDeviceConnectivity,domain#CP-L1rGcL3+OSg,domain#Link-LogicalSegment-via-Gateway
package#LocalDeviceConnectivity,domain#CP-L3cGc-rL1+CSg,domain#Link-LogicalSegment-from-FromSubnet
package#LocalDeviceConnectivity,domain#CP-L3cGc-rL1+CSg,domain#Link-LogicalSegment-to-ToSubnet
package#LocalDeviceConnectivity,domain#CP-L3cGc-rL1+CSg,domain#Link-LogicalSegment-via-Gateway
package#LocalDeviceConnectivity,domain#CP-L3cGrL1+OSg,domain#Link-LogicalSegment-from-FromSubnet
package#LocalDeviceConnectivity,domain#CP-L3cGrL1+OSg,domain#Link-LogicalSegment-to-ToSubnet
package#LocalDeviceConnectivity,domain#CP-L3cGrL1+OSg,domain#Link-LogicalSegment-via-Gateway
package#LocalDeviceConnectivity,domain#CP-UHDpP-S+S,domain#Link-Process-uses-DB
package#LocalDeviceConnectivity,domain#CP-UHDrP-S+S,domain#Link-DataService-serves-Data
package#LocalDeviceConnectivity,domain#CP-UHDrP-S+S,domain#Link-DataService-uses-DB
package#LocalDeviceConnectivity,domain#CP-UHDrP-S+S,domain#Link-USBHost-hosts-DataService
package#LocalDeviceConnectivity,domain#CP-UHDSrP+u,domain#Link-Process-uses-Service
package#LocalDeviceConnectivity,domain#CP-UPc-rGrUP+OSg,domain#Link-LogicalSegment-from-FromSubnet
package#LocalDeviceConnectivity,domain#CP-UPc-rGrUP+OSg,domain#Link-LogicalSegment-to-ToSubnet
package#LocalDeviceConnectivity,domain#CP-UPc-rGrUP+OSg,domain#Link-LogicalSegment-via-Gateway
package#LocalDeviceConnectivity,domain#CP-UPrGc-rUP+OSg,domain#Link-LogicalSegment-from-FromSubnet
package#LocalDeviceConnectivity,domain#CP-UPrGc-rUP+OSg,domain#Link-LogicalSegment-to-ToSubnet
package#LocalDeviceConnectivity,domain#CP-UPrGc-rUP+OSg,domain#Link-LogicalSegment-via-Gateway
package#LocalDeviceConnectivity,domain#CP-USBD-S+S,domain#Link-DataService-serves-Data
package#LocalDeviceConnectivity,domain#CP-USBD-S+S,domain#Link-USBDevice-hosts-DataService
package#LocalDeviceConnectivityInference,domain#CP-LPLRTSg-f+b,domain#Link-FwdSegment-blockedSegment-FwdSegment
package#LocalDeviceConnectivityInference,domain#CP-LPLRTSg-f+b,domain#Link-LogicalPath-blockedPath-LogicalPath
package#NetworkConnectivityInference,domain#CP-HLS+I,domain#Link-Interface-connectsFrom-Host
package#NetworkConnectivityInference,domain#CP-HLS+I,domain#Link-Interface-connectsTo-LogicalSubnet
package#NetworkConnectivityInference,domain#CP-ILSA+c,domain#Link-Interface-connectsTo-AbstractSubnet
package#NetworkConnectivityInference,domain#CP-L3c-rGc-rL3+OSg,domain#Link-LogicalSegment-from-FromSubnet
package#NetworkConnectivityInference,domain#CP-L3c-rGc-rL3+OSg,domain#Link-LogicalSegment-to-ToSubnet
package#NetworkConnectivityInference,domain#CP-L3c-rGc-rL3+OSg,domain#Link-LogicalSegment-via-Gateway
package#NetworkConnectivityInference,domain#CP-L3c-rGrL3+DSg,domain#Link-LogicalSegment-from-FromSubnet
package#NetworkConnectivityInference,domain#CP-L3c-rGrL3+DSg,domain#Link-LogicalSegment-to-ToSubnet
package#NetworkConnectivityInference,domain#CP-L3c-rGrL3+DSg,domain#Link-LogicalSegment-via-Gateway
package#NetworkConnectivityInference,domain#CP-L3rGc-rL3+NSg,domain#Link-LogicalSegment-from-FromSubnet
package#NetworkConnectivityInference,domain#CP-L3rGc-rL3+NSg,domain#Link-LogicalSegment-to-ToSubnet
package#NetworkConnectivityInference,domain#CP-L3rGc-rL3+NSg,domain#Link-LogicalSegment-via-Gateway
package#NetworkConnectivityInference,domain#CP-L3rGrL3+OSg,domain#Link-LogicalSegment-from-FromSubnet
package#NetworkConnectivityInference,domain#CP-L3rGrL3+OSg,domain#Link-LogicalSegment-to-ToSubnet
package#NetworkConnectivityInference,domain#CP-L3rGrL3+OSg,domain#Link-LogicalSegment-via-Gateway
package#NetworkConnectivityInference,domain#CP-LPLS2NSg2+b,domain#Link-FwdSegment-blockedSegment-FwdSegment
package#NetworkConnectivityInference,domain#CP-LPLS2NSg2+b,domain#Link-LogicalPath-blockedPath-LogicalPath
package#NetworkConnectivityInference,domain#CP-LPsLS+v,domain#Link-LogicalPath-visits-LogicalSubnet
package#NetworkConnectivityInference,domain#CP-LS-iH+NPE,domain#Link-NetworkPath-end-LogicalSubnet
package#NetworkConnectivityInference,domain#CP-LS-iH+NPE,domain#Link-NetworkPath-start-LogicalSubnet
package#NetworkConnectivityInference,domain#CP-LS-iH+NPE,domain#Link-NPE-pEndsAt-LogicalSubnet
package#NetworkConnectivityInference,domain#CP-LS-iH+NPE,domain#Link-NPE-pVia-LogicalSubnet
package#NetworkConnectivityInference,domain#CP-NP2LS+v,domain#Link-NewPath-visits-LogicalSubnet
package#NetworkConnectivityInference,domain#CP-NP2LSg+t,domain#Link-NewPath-traverses-LogicalSegment
package#NetworkConnectivityInference,domain#CP-NP3+x,domain#Link-NewPath-extends-OldPath
package#NetworkConnectivityInference,domain#CP-OPLS1+NP,domain#Link-NewPath-end-LogicalSubnet
package#NetworkConnectivityInference,domain#CP-OPLS1+NP,domain#Link-NewPath-extends-OldPath
package#NetworkConnectivityInference,domain#CP-OPLS1+NP,domain#Link-NewPath-start-FromSubnet
package#NetworkConnectivityInference,domain#CP-OPLS1+NP,domain#Link-NewPath-traverses-LogicalRoute
package#NetworkConnectivityInference,domain#CP-OPLS1+NP,domain#Link-NewPath-visitsGateway-Gateway
package#NetworkConnectivityInference,domain#CP-OPLS1+NP,domain#Link-NPE-pVia-FromSubnet
package#NetworkConnectivityInference,domain#CP-OPLS2+NP,domain#Link-NewPath-end-LogicalSubnet
package#NetworkConnectivityInference,domain#CP-OPLS2+NP,domain#Link-NewPath-extends-OldPath
package#NetworkConnectivityInference,domain#CP-OPLS2+NP,domain#Link-NewPath-start-FromSubnet
package#NetworkConnectivityInference,domain#CP-OPLS2+NP,domain#Link-NewPath-traverses-LogicalRoute
package#NetworkConnectivityInference,domain#CP-OPLS2+NP,domain#Link-NewPath-visitsGateway-Gateway
package#NetworkConnectivityInference,domain#CP-OPLS2+NP,domain#Link-NewPath-visitsGateway-Host
package#NetworkConnectivityInference,domain#CP-OPLS2+NP,domain#Link-NPE-pVia-FromSubnet
package#NetworkConnectivityInference,domain#CP-OPPS1+PP,domain#Link-NewPath-end-LogicalSubnet
package#NetworkConnectivityInference,domain#CP-OPPS1+PP,domain#Link-NewPath-extends-OldPath
package#NetworkConnectivityInference,domain#CP-OPPS1+PP,domain#Link-NewPath-start-FromSubnet
package#NetworkConnectivityInference,domain#CP-OPPS1+PP,domain#Link-NewPath-traverses-LogicalRoute
package#NetworkConnectivityInference,domain#CP-OPPS1+PP,domain#Link-NewPath-visitsGateway-Gateway
package#NetworkConnectivityInference,domain#CP-OPPS1+PP,domain#Link-PPE-pVia-FromSubnet
package#NetworkConnectivityInference,domain#CP-OPPS2+PP,domain#Link-NewPath-end-LogicalSubnet
package#NetworkConnectivityInference,domain#CP-OPPS2+PP,domain#Link-NewPath-extends-OldPath
package#NetworkConnectivityInference,domain#CP-OPPS2+PP,domain#Link-NewPath-start-FromSubnet
package#NetworkConnectivityInference,domain#CP-OPPS2+PP,domain#Link-NewPath-traverses-LogicalRoute
package#NetworkConnectivityInference,domain#CP-OPPS2+PP,domain#Link-NewPath-visitsGateway-Gateway
package#NetworkConnectivityInference,domain#CP-OPPS2+PP,domain#Link-NewPath-visitsGateway-Host
package#NetworkConnectivityInference,domain#CP-OPPS2+PP,domain#Link-PPE-pVia-FromSubnet
package#NetworkConnectivityInference,domain#CP-PS-iH+PPE,domain#Link-PhysicalPath-end-PhysicalSubnet
package#NetworkConnectivityInference,domain#CP-PS-iH+PPE,domain#Link-PhysicalPath-start-PhysicalSubnet
package#NetworkConnectivityInference,domain#CP-PS-iH+PPE,domain#Link-PPE-pEndsAt-PhysicalSubnet
package#NetworkConnectivityInference,domain#CP-PS-iH+PPE,domain#Link-PPE-pVia-PhysicalSubnet
package#NetworkConnectivityInference,domain#CP-SgHfILS+f,domain#Link-LogicalSegment-from-Interface
package#NetworkConnectivityInference,domain#CP-SgHtILS+t,domain#Link-LogicalSegment-to-Interface
package#NetworkInference,domain#CP-C+iC,domain#Link-Cluster-isCluster-Cluster
package#NetworkInference,domain#CP-CuSHS+SL,domain#Link-LogicalSubnet-accessibleFrom-Space
package#NetworkInference,domain#CP-CuSHS+SL,domain#Link-LogicalSubnet-providedBy-Host
package#NetworkInference,domain#CP-DC-C+C,domain#Link-Cluster-hasPhysicalHost-Cluster
package#NetworkInference,domain#CP-DC-C+C,domain#Link-Cluster-isCluster-Cluster
package#NetworkInference,domain#CP-DC-C+C,domain#Link-Cluster-locatedIn-DataCentre
package#NetworkInference,domain#CP-DC-C+C,domain#Link-Cluster-resourcedBy-DataCentre
package#NetworkInference,domain#CP-DCH+l,domain#Link-Host-locatedIn-DataCentre
package#NetworkInference,domain#CP-DCLS+RWS,domain#Link-Router-connectedTo-LogicalSubnet
package#NetworkInference,domain#CP-DCpLS+RWS,domain#Link-LogicalSubnet-accessibleFrom-DataCentre
package#NetworkInference,domain#CP-DCpLS+RWS,domain#Link-LogicalSubnet-providedBy-Router
package#NetworkInference,domain#CP-DC-R+RW,domain#Link-Router-hasPhysicalHost-Router
package#NetworkInference,domain#CP-DC-R+RW,domain#Link-Router-isRouter-Router
package#NetworkInference,domain#CP-DC-R+RW,domain#Link-Router-locatedIn-DataCentre
package#NetworkInference,domain#CP-DC-R+RW,domain#Link-Router-resourcedBy-DataCentre
package#NetworkInference,domain#CP-DC-R+RW,domain#Link-WiredLAN-providedBy-Router
package#NetworkInference,domain#CP-DCVHRS-H+p,domain#Link-LogicalSubnet-providedBy-DataCentre
package#NetworkInference,domain#CP-DCVHWS-H+p,domain#Link-LogicalSubnet-providedBy-DataCentre
package#NetworkInference,domain#CP-DCWH-LS+c,domain#Link-Host-connectedTo-WiredLAN
package#NetworkInference,domain#CP-FcLSS+aF,domain#Link-LogicalSubnet-accessibleFrom-Space
package#NetworkInference,domain#CP-FpLSS+aF,domain#Link-LogicalSubnet-accessibleFrom-Space
package#NetworkInference,domain#CP-HACPmNC+p,domain#Link-HostAccess-propagatesTo-ProcAccess
package#NetworkInference,domain#CP-HCHLSS+NC,domain#Link-HostNetContext-accessFrom-Space
package#NetworkInference,domain#CP-HCHLSS+NC,domain#Link-HostNetContext-accessTo-Host
package#NetworkInference,domain#CP-HCHLSS+NC,domain#Link-HostNetContext-accessVia-LogicalSubnet
package#NetworkInference,domain#CP-Hc-pN-hP+AC,domain#Link-AuthClient-usesForAuth-Process
package#NetworkInference,domain#CP-Hc-pN-hP+AC,domain#Link-Host-hosts-AuthClient
package#NetworkInference,domain#CP-HcWHS+c,domain#Link-Host-connectedTo-LogicalSubnet
package#NetworkInference,domain#CP-HmNCPAC+p,domain#Link-ProcAccess-propagatesTo-ProcNetContext
package#NetworkInference,domain#CP-HPAC-AC+rI,domain#Link-Process-runsIn-ProcAccess
package#NetworkInference,domain#CP-HprLS+c,domain#Link-Gateway-connectedTo-LogicalSubnet
package#NetworkInference,domain#CP-HuE+e,domain#Link-Human-hasEmail-Human
package#NetworkInference,domain#CP-Hui2H+iD,domain#Link-Host-impersonalDevice-Host
package#NetworkInference,domain#CP-HuiCHLnS-AC+AC,domain#Link-ConsoleHost-hosts-RemoteTerminal
package#NetworkInference,domain#CP-HuiCHLnS-AC+AC,domain#Link-Human-interactsWith-RemoteTerminal
package#NetworkInference,domain#CP-HuiCHLnS-AC+AC,domain#Link-RemoteTerminal-uses-LoginService
package#NetworkInference,domain#CP-HuiHAC+i,domain#Link-Human-interactsWith-AuthClient
package#NetworkInference,domain#CP-HuiH-Hu+m,domain#Link-Human-manages-Host
package#NetworkInference,domain#CP-HuiHP-m+m,domain#Link-Human-manages-Process
package#NetworkInference,domain#CP-HuiHP-m+m-Replay1,domain#Link-Human-manages-Process
package#NetworkInference,domain#CP-HuiHRAC+i,domain#Link-Human-interactsRemotelyWith-RemoteAccessClient
package#NetworkInference,domain#CP-HuiHS+cA,domain#Link-Human-canAccess-Space
package#NetworkInference,domain#CP-HuiPDaS-S+l,domain#Link-Host-locatedIn-Space
package#NetworkInference,domain#CP-HuiPH-Hu+m,domain#Link-Human-manages-Host
package#NetworkInference,domain#CP-HuiPH-iD+iP,domain#Link-Host-isPersonalDevice-Host
package#NetworkInference,domain#CP-HumHP-im+m,domain#Link-HostManager-manages-Process
package#NetworkInference,domain#CP-HumH-StSt+o,domain#Link-HostManager-operates-Host
package#NetworkInference,domain#CP-HumPH-m+m,domain#Link-ProcessManager-manages-Host
package#NetworkInference,domain#CP-HumP-StSt+o,domain#Link-ProcessManager-operates-Process
package#NetworkInference,domain#CP-HuoH-m+m,domain#Link-Human-manages-Host
package#NetworkInference,domain#CP-HuPCH+i,domain#Link-Human-interactsWith-Host
package#NetworkInference,domain#CP-HuSHPAC+rI,domain#Link-Process-runsIn-ProcAccess
package#NetworkInference,domain#CP-HuSP+SMS,domain#Link-Human-interactsWith-Process
package#NetworkInference,domain#CP-HuSP+SMS,domain#Link-SmartPhone-hosts-Process
package#NetworkInference,domain#CP-HuwStmH-St+o,domain#Link-Employer-operates-Host
package#NetworkInference,domain#CP-HuwStmP-St+o,domain#Link-Employer-operates-Process
package#NetworkInference,domain#CP-InternetMP+ii,domain#Link-Internet-isInternet-Internet
package#NetworkInference,domain#CP-InternetMP+W,domain#Link-Internet-accessibleFrom-World
package#NetworkInference,domain#CP-InternetMP+W,domain#Link-World-isWorld-World
package#NetworkInference,domain#CP-MHC+iMHC,domain#Link-Host-isMHC-Host
package#NetworkInference,domain#CP-MHcIS+aF,domain#Link-Internet-accessibleFrom-Space
package#NetworkInference,domain#CP-PC-LnS+LnS,domain#Link-Cluster-hosts-LoginService
package#NetworkInference,domain#CP-PC-LnS+LnS,domain#Link-LoginService-controls-Cluster
package#NetworkInference,domain#CP-PC-LnS+LnS,domain#Link-LoginService-isLnS-LoginService
package#NetworkInference,domain#CP-PCPHLSS+NC,domain#Link-ProcAccess-accessVia-Subnet
package#NetworkInference,domain#CP-PCPHLSS+NC,domain#Link-ProcNetContext-accessFrom-Space
package#NetworkInference,domain#CP-PCPHLSS+NC,domain#Link-ProcNetContext-accessTo-Host
package#NetworkInference,domain#CP-PCPHLSS+NC,domain#Link-ProcNetContext-accessTo-Process
package#NetworkInference,domain#CP-PCPHLSS+NC,domain#Link-ProcNetContext-accessVia-Subnet
package#NetworkInference,domain#CP-PcWH+c,domain#Link-Process-controls-LogicalSubnet
package#NetworkInference,domain#CP-PH+hPH,domain#Link-Host-hasPhysicalHost-Host
package#NetworkInference,domain#CP-PHHPS+AC,domain#Link-HostAccess-propagatesTo-ProcAccess
package#NetworkInference,domain#CP-PHHPS+AC,domain#Link-ProcAccess-accessFrom-Space
package#NetworkInference,domain#CP-PHHPS+AC,domain#Link-ProcAccess-accessTo-Host
package#NetworkInference,domain#CP-PHHPS+AC,domain#Link-ProcAccess-accessTo-Process
package#NetworkInference,domain#CP-PHHS+AC,domain#Link-HostAccess-accessFrom-Space
package#NetworkInference,domain#CP-PHHS+AC,domain#Link-HostAccess-accessTo-Host
package#NetworkInference,domain#CP-PHLSS+aV,domain#Link-HostAccess-accessVia-LogicalSubnet
package#NetworkInference,domain#CP-PH-S+W,domain#Link-Host-locatedIn-World
package#NetworkInference,domain#CP-RAS+iL,domain#Link-RemoteAccessService-isLnS-RemoteAccessService
package#NetworkInference,domain#CP-Rr+iR,domain#Link-Router-isRouter-Router
package#NetworkInference,domain#CP-Rr-LnS+LnS,domain#Link-LoginService-controls-Router
package#NetworkInference,domain#CP-Rr-LnS+LnS,domain#Link-LoginService-isLnS-LoginService
package#NetworkInference,domain#CP-Rr-LnS+LnS,domain#Link-Router-hosts-LoginService
package#NetworkInference,domain#CP-RTuRAS+uR,domain#Link-RemoteTerminal-usesRemotely-RemoteAccessService
package#NetworkInference,domain#CP-RTuRTuS-uR+uR,domain#Link-RemoteAccessClient-usesRemotely-Process
package#NetworkInference,domain#CP-SHuPH-Hu+m,domain#Link-Human-manages-Host
package#NetworkInference,domain#CP-SHuPH-Hu+m-Replay1,domain#Link-Human-manages-Host
package#NetworkInference,domain#CP-StHP+o,domain#Link-Stakeholder-operates-Process
package#NetworkInference,domain#CP-StSPH-St+o,domain#Link-Stakeholder-operates-Host
package#NetworkInference,domain#CP-StS-St+c,domain#Link-Space-controlledBy-Stakeholder
package#NetworkInference,domain#CP-Sv-LnS+LnS,domain#Link-LoginService-controls-Server
package#NetworkInference,domain#CP-Sv-LnS+LnS,domain#Link-LoginService-isLnS-LoginService
package#NetworkInference,domain#CP-Sv-LnS+LnS,domain#Link-Server-hosts-LoginService
package#NetworkInference,domain#CP-TP+iT,domain#Link-TrivialProcess-isTrivial-TrivialProcess
package#NetworkInference,domain#CP-WpHS-aF+iH,domain#Link-Hotspot-isHotspot-Hotspot
package#NetworkInference,domain#CP-WpHSH-aF+WH,domain#Link-LogicalSubnet-accessibleFrom-Space
package#NetworkInference,domain#CP-WpHSH-aF+WH,domain#Link-LogicalSubnet-implements-Hotspot
package#NetworkInference,domain#CP-WpHSH-aF+WH,domain#Link-LogicalSubnet-providedBy-Host
package#NetworkInference,domain#CP-WS-H+I,domain#Link-LogicalSubnet-implements-LogicalSubnet
package#Physical,domain#CP-HuaSaE+cA,domain#Link-Human-canAccess-Entrance
package#Physical,domain#CP-PPS-E+W,domain#Link-Space-accessibleVia-World
package#Privacy,domain#CP-DHuDC+r,domain#Link-DataCopy-relatesTo-Human
package#Privacy,domain#CP-DHuDF+r,domain#Link-DataFlow-relatesTo-Human
package#Privacy,domain#CP-HuiThaS-S+r,domain#Link-Thing-relatesTo-Human
package#Privacy,domain#CP-HurH-StSt+o,domain#Link-Human-operates-Host
package#Privacy,domain#CP-HurSesD+Rel,domain#Link-Data-relatesTo-Human
package#Privacy,domain#CP-HurThcD+Rel,domain#Link-Data-relatesTo-Human
package#Privacy,domain#CP-HurTh-S-m+m,domain#Link-Human-manages-Thing
package#Privacy,domain#CP-HuwStrH-St+o,domain#Link-Employer-operates-Host
package#ProcessComms,domain#CP-CuvaS+u,domain#Link-Client-usesIndirectly-Process
package#ProcessComms,domain#CP-DFDSCS+f,domain#Link-DataFlow-flowsViaCS-ClientChannel
package#ProcessComms,domain#CP-DFDSSC+f,domain#Link-DataFlow-flowsViaSC-ClientChannel
package#ProcessComms,domain#CP-RDvDtS+uR,domain#Link-RemoteDesktop-usesRemotely-DesktopService
package#ProcessComms,domain#CP-RDvP-LnS+uR,domain#Link-RemoteDesktop-usesRemotely-Process
package#ProcessComms,domain#CP-RTvCP+uR,domain#Link-RemoteTerminal-usesRemotely-Process
package#ProcessComms,domain#CP-RTvRAS+uR,domain#Link-RemoteTerminal-usesRemotely-RemoteAccessService
package#ProcessCommsInference,domain#CP-APxSCtI+tI,domain#Link-ServiceAttackPath-toInterface-Interface
package#ProcessCommsInference,domain#CP-APxSCtI+tI,domain#Link-ServiceAttackPath-viaSubnet-LogicalSubnet
package#ProcessCommsInference,domain#CP-CAPlISAP+lI,domain#Link-ServiceAttackPath-lastInterface-Interface
package#ProcessCommsInference,domain#CP-CAPNPSAP+pV,domain#Link-ServiceAttackPath-attackPathFrom-NetworkPath
package#ProcessCommsInference,domain#CP-CCCCAP+ch,domain#Link-ClientChannel-channelVia-AttackPath
package#ProcessCommsInference,domain#CP-CCCfCCS+aFC+aFC,domain#Link-ProcAccess-accessFromClient-ClientChannel
package#ProcessCommsInference,domain#CP-CCCSPSFCS+f,domain#Link-DataFlow-flowsViaCS-ClientChannel
package#ProcessCommsInference,domain#CP-CCCSPSFSC+f,domain#Link-DataFlow-flowsViaSC-ClientChannel
package#ProcessCommsInference,domain#CP-CCCtCCS+aTS+aTS,domain#Link-ProcAccess-accessToService-ClientChannel
package#ProcessCommsInference,domain#CP-CCCvCCS+aTS+aTS,domain#Link-ProcAccess-accessToService-ProxyChannel
package#ProcessCommsInference,domain#CP-CCCvCCvLS+vLS,domain#Link-ClientChannel-viaSubnet-LogicalSubnet
package#ProcessCommsInference,domain#CP-CCSC+ch,domain#Link-ClientChannel-channelVia-ServiceChannel
package#ProcessCommsInference,domain#CP-CCSCAP+ch,domain#Link-ClientChannel-channelVia-AttackPath
package#ProcessCommsInference,domain#CP-CCSCCP+ch,domain#Link-ClientChannel-channelVia-ClientPath
package#ProcessCommsInference,domain#CP-CCSCfI+fI,domain#Link-ClientChannel-fromInterface-Interface
package#ProcessCommsInference,domain#CP-CCSCtI+tI,domain#Link-ClientChannel-toInterface-Interface
package#ProcessCommsInference,domain#CP-CCSCtSg+tSg,domain#Link-ClientChannel-usesLogicalRoute-LogicalSegment
package#ProcessCommsInference,domain#CP-CCSCvI+vI,domain#Link-ClientChannel-viaInterface-Interface
package#ProcessCommsInference,domain#CP-CCSCvLS+vLS,domain#Link-ClientChannel-viaSubnet-LogicalSubnet
package#ProcessCommsInference,domain#CP-CHRAScSuP+u,domain#Link-Client-usesRemotely-Proxy
package#ProcessCommsInference,domain#CP-CHRAScSuP+u,domain#Link-Client-usesViaTransparentProxy-RemoteAccessService
package#ProcessCommsInference,domain#CP-CHRAScSuSP+u,domain#Link-Client-usesRemotely-Proxy
package#ProcessCommsInference,domain#CP-CHRAScSuSP+u,domain#Link-Client-usesViaAuthenticatingProxy-RemoteAccessService
package#ProcessCommsInference,domain#CP-CSCCAPNP4+CCAP,domain#Link-ClosedClientAttackPath-attackPathFrom-NetworkPath
package#ProcessCommsInference,domain#CP-CSCCAPNP4+CCAP,domain#Link-ClosedClientAttackPath-channelFrom-Client
package#ProcessCommsInference,domain#CP-CSCCAPNP4+CCAP,domain#Link-ClosedClientAttackPath-channelTo-Service
package#ProcessCommsInference,domain#CP-CSCCAPNP4+CCAP,domain#Link-ClosedClientAttackPath-fromSubnet-AttackerSubnet
package#ProcessCommsInference,domain#CP-CSCCAPNP4+CCAP,domain#Link-ServiceChannel-channelVia-ClosedClientAttackPath
package#ProcessCommsInference,domain#CP-CSCLS+aFC,domain#Link-ProcAccess-accessFromClient-ServiceChannel
package#ProcessCommsInference,domain#CP-CSCLS+ii+PNC,domain#Link-PhysicalHost-mayBeIn-Space
package#ProcessCommsInference,domain#CP-CSCLS+ii+PNC,domain#Link-ProcAccess-accessFromClient-ServiceChannel
package#ProcessCommsInference,domain#CP-CSCLS+ii+PNC,domain#Link-ProcAccess-accessFrom-Space
package#ProcessCommsInference,domain#CP-CSCLS+ii+PNC,domain#Link-ProcAccess-accessTo-CHost
package#ProcessCommsInference,domain#CP-CSCLS+ii+PNC,domain#Link-ProcAccess-accessTo-Client
package#ProcessCommsInference,domain#CP-CSCLS+ii+PNC,domain#Link-ProcAccess-accessVia-LogicalSubnet
package#ProcessCommsInference,domain#CP-CSCLS-ii+PNC,domain#Link-PhysicalHost-mayBeIn-Space
package#ProcessCommsInference,domain#CP-CSCLS-ii+PNC,domain#Link-ProcAccess-accessFromClient-ServiceChannel
package#ProcessCommsInference,domain#CP-CSCLS-ii+PNC,domain#Link-ProcAccess-accessFrom-Space
package#ProcessCommsInference,domain#CP-CSCLS-ii+PNC,domain#Link-ProcAccess-accessTo-CHost
package#ProcessCommsInference,domain#CP-CSCLS-ii+PNC,domain#Link-ProcAccess-accessTo-Client
package#ProcessCommsInference,domain#CP-CSCLS-ii+PNC,domain#Link-ProcAccess-accessVia-LogicalSubnet
package#ProcessCommsInference,domain#CP-CScP-v+AA,domain#Link-Client-noAuthN-Service
package#ProcessCommsInference,domain#CP-CScP-v+AA,domain#Link-Client-usesForAuth-Process
package#ProcessCommsInference,domain#CP-CSCscLS+CCAP,domain#Link-ClosedClientAttackPath-attackPathFrom-ServiceChannel
package#ProcessCommsInference,domain#CP-CSCscLS+CCAP,domain#Link-ClosedClientAttackPath-channelFrom-Process
package#ProcessCommsInference,domain#CP-CSCscLS+CCAP,domain#Link-ClosedClientAttackPath-channelTo-Service
package#ProcessCommsInference,domain#CP-CSCscLS+CCAP,domain#Link-ClosedClientAttackPath-fromSubnet-LogicalSubnet
package#ProcessCommsInference,domain#CP-CSCscLS+CCAP,domain#Link-ServiceChannel-channelVia-ClosedClientAttackPath
package#ProcessCommsInference,domain#CP-CSCsdLS+OCAP,domain#Link-OpenClientAttackPath-attackPathFrom-ServiceChannel
package#ProcessCommsInference,domain#CP-CSCsdLS+OCAP,domain#Link-OpenClientAttackPath-channelFrom-Process
package#ProcessCommsInference,domain#CP-CSCsdLS+OCAP,domain#Link-OpenClientAttackPath-channelTo-Service
package#ProcessCommsInference,domain#CP-CSCsdLS+OCAP,domain#Link-OpenClientAttackPath-fromSubnet-LogicalSubnet
package#ProcessCommsInference,domain#CP-CSCsdLS+OCAP,domain#Link-ServiceChannel-channelVia-OpenClientAttackPath
package#ProcessCommsInference,domain#CP-CSCvLS+CP,domain#Link-ClientPath-channelFrom-Process
package#ProcessCommsInference,domain#CP-CSCvLS+CP,domain#Link-ClientPath-channelTo-Service
package#ProcessCommsInference,domain#CP-CSCvLS+CP,domain#Link-ClientPath-fromInterface-Interface
package#ProcessCommsInference,domain#CP-CSCvLS+CP,domain#Link-ClientPath-fromSubnet-LogicalSubnet
package#ProcessCommsInference,domain#CP-CSCvLS+CP,domain#Link-ServiceChannel-channelVia-ClientPath
package#ProcessCommsInference,domain#CP-CSDS+fV,domain#Link-DataStep-flowsViaCS-ClientChannel
package#ProcessCommsInference,domain#CP-CSL0H+SC,domain#Link-ServiceChannel-channelFrom-Client
package#ProcessCommsInference,domain#CP-CSL0H+SC,domain#Link-ServiceChannel-channelTo-DService
package#ProcessCommsInference,domain#CP-CSL0H+SC,domain#Link-ServiceChannel-channelVia-NetworkPath
package#ProcessCommsInference,domain#CP-CSL0H+SC,domain#Link-ServiceChannel-fromInterface-Interface
package#ProcessCommsInference,domain#CP-CSL0H+SC,domain#Link-ServiceChannel-fromSpace-Space
package#ProcessCommsInference,domain#CP-CSL0H+SC,domain#Link-ServiceChannel-toInterface-Interface
package#ProcessCommsInference,domain#CP-CSL0H+SC,domain#Link-ServiceChannel-toSpace-Space
package#ProcessCommsInference,domain#CP-CSL1H2+SC,domain#Link-ServiceChannel-channelFrom-Client
package#ProcessCommsInference,domain#CP-CSL1H2+SC,domain#Link-ServiceChannel-channelTo-DService
package#ProcessCommsInference,domain#CP-CSL1H2+SC,domain#Link-ServiceChannel-channelVia-NetworkPath
package#ProcessCommsInference,domain#CP-CSL1H2+SC,domain#Link-ServiceChannel-fromInterface-OutboundIF
package#ProcessCommsInference,domain#CP-CSL1H2+SC,domain#Link-ServiceChannel-fromSpace-LocalSpace
package#ProcessCommsInference,domain#CP-CSL1H2+SC,domain#Link-ServiceChannel-toInterface-InboundIF
package#ProcessCommsInference,domain#CP-CSL1H2+SC,domain#Link-ServiceChannel-toSpace-RemoteSpace
package#ProcessCommsInference,domain#CP-CSL3H+SC,domain#Link-ServiceChannel-channelFrom-Client
package#ProcessCommsInference,domain#CP-CSL3H+SC,domain#Link-ServiceChannel-channelTo-DService
package#ProcessCommsInference,domain#CP-CSL3H+SC,domain#Link-ServiceChannel-channelVia-NetworkPath
package#ProcessCommsInference,domain#CP-CSL3H+SC,domain#Link-ServiceChannel-fromInterface-Interface
package#ProcessCommsInference,domain#CP-CSL3H+SC,domain#Link-ServiceChannel-fromSpace-Space
package#ProcessCommsInference,domain#CP-CSL3H+SC,domain#Link-ServiceChannel-toInterface-Interface
package#ProcessCommsInference,domain#CP-CSL3H+SC,domain#Link-ServiceChannel-toSpace-Space
package#ProcessCommsInference,domain#CP-CSLS2H2-SC+SC,domain#Link-ServiceChannel-channelFrom-Client
package#ProcessCommsInference,domain#CP-CSLS2H2-SC+SC,domain#Link-ServiceChannel-channelTo-DService
package#ProcessCommsInference,domain#CP-CSLS2H2-SC+SC,domain#Link-ServiceChannel-channelVia-NetworkPath
package#ProcessCommsInference,domain#CP-CSLS2H2-SC+SC,domain#Link-ServiceChannel-fromInterface-OutboundIF
package#ProcessCommsInference,domain#CP-CSLS2H2-SC+SC,domain#Link-ServiceChannel-fromSpace-LocalSpace
package#ProcessCommsInference,domain#CP-CSLS2H2-SC+SC,domain#Link-ServiceChannel-toInterface-InboundIF
package#ProcessCommsInference,domain#CP-CSLS2H2-SC+SC,domain#Link-ServiceChannel-toSpace-RemoteSpace
package#ProcessCommsInference,domain#CP-CSLSH2-SC+SC,domain#Link-ServiceChannel-channelFrom-Client
package#ProcessCommsInference,domain#CP-CSLSH2-SC+SC,domain#Link-ServiceChannel-channelTo-DService
package#ProcessCommsInference,domain#CP-CSLSH2-SC+SC,domain#Link-ServiceChannel-channelVia-NetworkPath
package#ProcessCommsInference,domain#CP-CSLSH2-SC+SC,domain#Link-ServiceChannel-fromInterface-OutboundIF
package#ProcessCommsInference,domain#CP-CSLSH2-SC+SC,domain#Link-ServiceChannel-fromSpace-LocalSpace
package#ProcessCommsInference,domain#CP-CSLSH2-SC+SC,domain#Link-ServiceChannel-toInterface-InboundIF
package#ProcessCommsInference,domain#CP-CSLSH2-SC+SC,domain#Link-ServiceChannel-toSpace-RemoteSpace
package#ProcessCommsInference,domain#CP-CS-SP+DX,domain#Link-DataExchange-connectsData-Client
package#ProcessCommsInference,domain#CP-CS-SP+DX,domain#Link-DataExchange-connectsData-Service
package#ProcessCommsInference,domain#CP-CucS+iP,domain#Link-Client-isProxy-Client
package#ProcessCommsInference,domain#CP-CucS+N,domain#Link-Client-proxyAuthN-Service
package#ProcessCommsInference,domain#CP-CucSaP+c,domain#Link-Service-controls-Proxy
package#ProcessCommsInference,domain#CP-CuPaS-i+i,domain#Link-Proxy-usesIndirectly-Service
package#ProcessCommsInference,domain#CP-CuPnS-U+U,domain#Link-Client-usesAsTransparentProxy-Proxy
package#ProcessCommsInference,domain#CP-CuPnS-U+U,domain#Link-Client-usesViaTransparentProxy-Service
package#ProcessCommsInference,domain#CP-CuPuSCC+c,domain#Link-ClientChannel-channelVia-FirstChannel
package#ProcessCommsInference,domain#CP-CuPuSCC+c,domain#Link-ClientChannel-channelVia-ProxyChannel
package#ProcessCommsInference,domain#CP-CuPvnS+n,domain#Link-Client-noAuthN-Proxy
package#ProcessCommsInference,domain#CP-CuPvSCC+c,domain#Link-ClientChannel-channelVia-FirstChannel
package#ProcessCommsInference,domain#CP-CuSPvS-U+U,domain#Link-Client-usesAsAuthenticatingProxy-Proxy
package#ProcessCommsInference,domain#CP-CuSPvS-U+U,domain#Link-Client-usesViaAuthenticatingProxy-Service
package#ProcessCommsInference,domain#CP-CuS-SP+CC,domain#Link-ClientChannel-channelFrom-Client
package#ProcessCommsInference,domain#CP-CuS-SP+CC,domain#Link-ClientChannel-channelTo-Service
package#ProcessCommsInference,domain#CP-CuvS+CC,domain#Link-ClientChannel-channelFrom-Client
package#ProcessCommsInference,domain#CP-CuvS+CC,domain#Link-ClientChannel-channelTo-Process
package#ProcessCommsInference,domain#CP-CvPuSCC+c,domain#Link-ClientChannel-channelVia-ProxyChannel
package#ProcessCommsInference,domain#CP-CvPvSCC+c,domain#Link-ClientChannel-channelVia-ProxyChannel
package#ProcessCommsInference,domain#CP-CvSPvS-U+U,domain#Link-Client-usesAsAuthenticatingProxy-Proxy
package#ProcessCommsInference,domain#CP-CvSPvS-U+U,domain#Link-Client-usesViaAuthenticatingProxy-Service
package#ProcessCommsInference,domain#CP-CXPCPNC+cIC,domain#Link-DataExchange-connectedIn-ProcAccess
package#ProcessCommsInference,domain#CP-DFDSfP+fVP,domain#Link-DataFlow-flowsViaProcess-Process
package#ProcessCommsInference,domain#CP-DFtP+fVP,domain#Link-DataFlow-flowsViaProcess-Process
package#ProcessCommsInference,domain#CP-DFuCuS-C-P+u,domain#Link-Client-uses-Service
package#ProcessCommsInference,domain#CP-HRAScSuP+ca,domain#Link-Proxy-proxyAuthN-RemoteAccessService
package#ProcessCommsInference,domain#CP-HRAScSuP+ca,domain#Link-Proxy-uses-RemoteAccessService
package#ProcessCommsInference,domain#CP-HRAScSuP+ca,domain#Link-RemoteAccessService-controls-Proxy
package#ProcessCommsInference,domain#CP-HRAScSuSP+a,domain#Link-Proxy-usesAsAuthenticatingProxy-RemoteAccessService
package#ProcessCommsInference,domain#CP-HRAScSuSP+a,domain#Link-Proxy-uses-RemoteAccessService
package#ProcessCommsInference,domain#CP-HRAScSvP+ca,domain#Link-Proxy-usesAsTransparentProxy-RemoteAccessService
package#ProcessCommsInference,domain#CP-HRAScSvP+ca,domain#Link-Proxy-usesViaTransparentProxy-RemoteAccessService
package#ProcessCommsInference,domain#CP-HRAScSvSP+a,domain#Link-Proxy-usesAsAuthenticatingProxy-RemoteAccessService
package#ProcessCommsInference,domain#CP-HRAScSvSP+a,domain#Link-Proxy-usesViaAuthenticatingProxy-RemoteAccessService
package#ProcessCommsInference,domain#CP-HRASuSC+uRAS,domain#Link-Client-usesViaRAS-Process
package#ProcessCommsInference,domain#CP-HuRACP+i,domain#Link-Human-interactsRemotelyWith-Process
package#ProcessCommsInference,domain#CP-NP1CCAPSC+pT,domain#Link-NetworkPath-pathTo-ServiceChannel
package#ProcessCommsInference,domain#CP-NP2CCAPSC+pT,domain#Link-NetworkPath-pathTo-ServiceChannel
package#ProcessCommsInference,domain#CP-PCaFCSCCC+aFC,domain#Link-ProcAccess-accessFromClient-ClientChannel
package#ProcessCommsInference,domain#CP-PCaTSSCAP+aTS,domain#Link-ProcAccess-accessToService-AttackPath
package#ProcessCommsInference,domain#CP-PCaTSSCCC+aTS,domain#Link-ProcAccess-accessToService-ClientChannel
package#ProcessCommsInference,domain#CP-PnPnS-U+U,domain#Link-Client-usesAsTransparentProxy-Service
package#ProcessCommsInference,domain#CP-PnPnS-U+U,domain#Link-Client-usesViaTransparentProxy-Service
package#ProcessCommsInference,domain#CP-SACLSDFC+rI,domain#Link-Service-runsIn-ProcAccess
package#ProcessCommsInference,domain#CP-SCAPvLS+v,domain#Link-ServiceAttackPath-toInterface-Interface
package#ProcessCommsInference,domain#CP-SCAPvLS+v,domain#Link-ServiceAttackPath-viaSubnet-LogicalSubnet
package#ProcessCommsInference,domain#CP-SCCAP+CSAP,domain#Link-ClosedClientAttackPath-attackPathVia-ClosedServiceAttackPath
package#ProcessCommsInference,domain#CP-SCCAP+CSAP,domain#Link-ClosedServiceAttackPath-channelTo-Process
package#ProcessCommsInference,domain#CP-SCCAP+CSAP,domain#Link-ClosedServiceAttackPath-fromSubnet-AttackerSubnet
package#ProcessCommsInference,domain#CP-SCCAP+CSAP,domain#Link-ServiceChannel-channelVia-ClosedServiceAttackPath
package#ProcessCommsInference,domain#CP-SCCHNPLS-lI+lI,domain#Link-ServiceChannel-lastInterface-OutboundIF
package#ProcessCommsInference,domain#CP-SCDS+fV,domain#Link-DataStep-flowsViaSC-ClientChannel
package#ProcessCommsInference,domain#CP-SCLPLSg+t,domain#Link-ServiceChannel-usesLogicalRoute-LogicalSegment
package#ProcessCommsInference,domain#CP-SCLPvLS+v,domain#Link-ServiceChannel-viaSubnet-LogicalSubnet
package#ProcessCommsInference,domain#CP-SCLSg+vf,domain#Link-ServiceChannel-fromInterface-OutboundIF
package#ProcessCommsInference,domain#CP-SCLSg+vf,domain#Link-ServiceChannel-viaInterface-OutboundIF
package#ProcessCommsInference,domain#CP-SCLSg+vt,domain#Link-ServiceChannel-toInterface-InboundIF
package#ProcessCommsInference,domain#CP-SCLSg+vt,domain#Link-ServiceChannel-viaInterface-InboundIF
package#ProcessCommsInference,domain#CP-SCLSgfTS+lI,domain#Link-ServiceChannel-lastInterface-OutboundIF
package#ProcessCommsInference,domain#CP-SCLSgvTS-vS+vS,domain#Link-ServiceChannel-sourceViaNAT-FromSubnet
package#ProcessCommsInference,domain#CP-SCLSRASHPAC+rI,domain#Link-Process-runsIn-ProcAccess
package#ProcessCommsInference,domain#CP-SCNP2CPtI+vt,domain#Link-ClientPath-toInterface-Interface
package#ProcessCommsInference,domain#CP-SCNP2CPtI+vt,domain#Link-ClientPath-viaSubnet-LogicalSubnet
package#ProcessCommsInference,domain#CP-SCNSg+vS,domain#Link-ServiceChannel-sourceViaNAT-FromSubnet
package#ProcessCommsInference,domain#CP-SCsAPtI+tI,domain#Link-ServiceAttackPath-toInterface-Interface
package#ProcessCommsInference,domain#CP-SCsAPtI+tI,domain#Link-ServiceAttackPath-viaSubnet-LogicalSubnet
package#ProcessCommsInference,domain#CP-SCvLS-vS+fS,domain#Link-ServiceChannel-sourceDirect-LogicalSubnet
package#ProcessCommsInference,domain#CP-SCxAPtI+tI,domain#Link-ServiceAttackPath-toInterface-Interface
package#ProcessCommsInference,domain#CP-SCxAPtI+tI,domain#Link-ServiceAttackPath-viaSubnet-LogicalSubnet
package#ProcessCommsInference,domain#CP-SOCAP+OSAP,domain#Link-OpenClientAttackPath-attackPathVia-OpenServiceAttackPath
package#ProcessCommsInference,domain#CP-SOCAP+OSAP,domain#Link-OpenServiceAttackPath-channelTo-Process
package#ProcessCommsInference,domain#CP-SOCAP+OSAP,domain#Link-OpenServiceAttackPath-fromSubnet-AttackerSubnet
package#ProcessCommsInference,domain#CP-SOCAP+OSAP,domain#Link-ServiceChannel-channelVia-OpenServiceAttackPath
package#ProcessCommsInference,domain#CP-SP+iP,domain#Link-Proxy-isProxy-Proxy
package#ProcessCommsInference,domain#CP-SPu-nS-U+U,domain#Link-Client-usesAsAuthenticatingProxy-Service
package#ProcessCommsInference,domain#CP-SPv-nS-U+U,domain#Link-Client-usesAsAuthenticatingProxy-Service
package#ProcessCommsInference,domain#CP-SPvSPvS-U+U,domain#Link-Client-usesAsAuthenticatingProxy-Service
package#ProcessCommsInference,domain#CP-SPvSPvS-U+U,domain#Link-Client-usesViaAuthenticatingProxy-Service
package#ProcessCommsInference,domain#CP-SSClIAP+ch,domain#Link-AttackPath-lastInterface-Interface
package#ProcessCommsInference,domain#CP-SSCLS+aTS,domain#Link-ProcAccess-accessToService-ServiceChannel
package#ProcessCommsInference,domain#CP-SXPCPNC+cIS,domain#Link-DataExchange-connectedIn-ProcAccess
package#Users,domain#CP-A+iA,domain#Link-Human-isAdult-Human
package#VirtualisationInference,domain#CP-CCSCHC+ch,domain#Link-ClientChannel-viaHostChannel-HostChannel
package#VirtualisationInference,domain#CP-CCSCVC+ch,domain#Link-ClientChannel-viaVirtualChannel-VirtualChannel
package#VirtualisationInference,domain#CP-DCCVH-LS+LS,domain#Link-VirtualHost-connectedTo-VirtualSubnet
package#VirtualisationInference,domain#CP-DCCVH-LS+LS,domain#Link-VirtualSubnet-providedBy-DataCentre
package#VirtualisationInference,domain#CP-DCVHVS-H+p,domain#Link-LogicalSubnet-providedBy-DataCentre
package#VirtualisationInference,domain#CP-EH+iS,domain#Link-ScalableHost-isScalable-ScalableHost
package#VirtualisationInference,domain#CP-H2dPH2+VC,domain#Link-VirtualChannel-fromPhysicalHost-LocalHost
package#VirtualisationInference,domain#CP-H2dPH2+VC,domain#Link-VirtualChannel-toPhysicalHost-RemoteHost
package#VirtualisationInference,domain#CP-H2dPH2+VC,domain#Link-VirtualSubnet-viaVirtualChannel-VirtualChannel
package#VirtualisationInference,domain#CP-HCLPLSg+t,domain#Link-HostChannel-usesPhysicalRoute-LogicalSegment
package#VirtualisationInference,domain#CP-HCLPvLS+v,domain#Link-HostChannel-viaPhysicalSubnet-LogicalSubnet
package#VirtualisationInference,domain#CP-HCLSg+vf,domain#Link-HostChannel-fromPhysicalInterface-OutboundIF
package#VirtualisationInference,domain#CP-HCLSg+vt,domain#Link-HostChannel-toPhysicalInterface-InboundIF
package#VirtualisationInference,domain#CP-HL+iH,domain#Link-LogicalSubnet-isHostLAN-LogicalSubnet
package#VirtualisationInference,domain#CP-HumHVH-Hu+m,domain#Link-Human-manages-Host
package#VirtualisationInference,domain#CP-HVH-a+a,domain#Link-Host-above-SHost
package#VirtualisationInference,domain#CP-HVHS+VS,domain#Link-Host-connectedTo-HostLAN
package#VirtualisationInference,domain#CP-HVHS+VS,domain#Link-HostLAN-accessibleFrom-Space
package#VirtualisationInference,domain#CP-HVHS+VS,domain#Link-HostLAN-providedBy-SHost
package#VirtualisationInference,domain#CP-SC4HVSHC+vHC,domain#Link-ServiceChannel-viaHostChannel-HostChannel
package#VirtualisationInference,domain#CP-SC4HVSVC+vVC,domain#Link-ServiceChannel-viaVirtualChannel-VirtualChannel
package#VirtualisationInference,domain#CP-VCH2LS2PP+HC,domain#Link-HostChannel-fromPhysicalHost-FromHost
package#VirtualisationInference,domain#CP-VCH2LS2PP+HC,domain#Link-HostChannel-fromPhysicalInterface-OutboundIF
package#VirtualisationInference,domain#CP-VCH2LS2PP+HC,domain#Link-HostChannel-toPhysicalHost-Host
package#VirtualisationInference,domain#CP-VCH2LS2PP+HC,domain#Link-HostChannel-toPhysicalInterface-InboundIF
package#VirtualisationInference,domain#CP-VCH2LS2PP+HC,domain#Link-HostChannel-viaPhysicalPath-PhysicalPath
package#VirtualisationInference,domain#CP-VCH2LS2PP+HC,domain#Link-VirtualChannel-viaHostChannel-HostChannel
package#VirtualisationInference,domain#CP-VH2H-a+a,domain#Link-VirtualHost-above-SHost
package#VirtualisationInference,domain#CP-VHHsD-HsS-S+S,domain#Link-DataService-serves-Data
package#VirtualisationInference,domain#CP-VHHsD-HsS-S+S,domain#Link-Host-hosts-DataService
package#VirtualisationInference,domain#CP-VHPH+hPH,domain#Link-VirtualHost-hasPhysicalHost-PhysicalHost
package#VirtualisationInference,domain#CP-VHPhDHS-HsS-S+u,domain#Link-Process-uses-Service
package#VirtualisationInference,domain#CP-VSVCHC+v,domain#Link-VirtualSubnet-viaHostChannel-HostChannel
package#VirtualisationInference,domain#CP-VSVCHCLS+uPS,domain#Link-VirtualSubnet-usesPhysicalSubnet-PhysicalSubnet
